symbol,date,open,high,low,close,volume,percent_change,traded_amount
CHCL,2021-08-31,685.4,685.4,650.0,655.0,83851,-2.53,55084086.2
CHCL,2021-09-01,668.0,668.0,648.0,650.0,55683,-0.76,36459799.6
CHCL,2021-09-02,650.0,655.0,625.0,626.0,110824,-3.69,70339049.1
CHCL,2021-09-05,615.0,624.0,591.0,600.0,96927,-4.15,58380342.1
CHCL,2021-09-06,600.0,645.0,597.0,640.0,86968,6.67,53745278.4
CHCL,2021-09-07,652.0,652.0,615.0,623.0,93188,-2.66,58056855.1
CHCL,2021-09-08,630.0,630.0,600.8,609.0,46000,-2.25,27986579.9
CHCL,2021-09-09,611.0,620.0,606.0,610.0,37572,0.16,23002603.7
CHCL,2021-09-12,622.0,646.6,613.0,636.0,67036,4.26,42322750.3
CHCL,2021-09-13,647.9,648.0,625.0,630.1,57962,-0.93,36983575.0
CHCL,2021-09-14,635.0,635.0,620.0,626.0,21742,-0.65,13614637.5
CHCL,2021-09-15,618.1,623.0,611.1,615.0,25780,-1.76,15849162.5
CHCL,2021-09-16,610.0,610.1,597.0,603.0,70869,-1.95,42537906.2
CHCL,2021-09-20,600.0,602.0,575.0,575.0,69077,-4.64,40313498.1
CHCL,2021-09-21,586.5,610.0,542.1,591.0,49291,2.78,28494756.6
CHCL,2021-09-22,591.0,614.0,591.0,603.0,33535,2.03,20190837.7
CHCL,2021-09-23,610.0,614.0,589.0,590.0,43050,-2.16,25711164.0
CHCL,2021-09-26,601.0,601.0,578.0,578.0,28667,-2.03,16721084.9
CHCL,2021-09-27,589.5,613.0,560.0,565.0,36760,-2.25,21091536.9
CHCL,2021-09-28,570.0,570.0,551.0,551.0,42330,-2.48,23514601.2
CHCL,2021-09-29,551.0,570.1,547.0,566.0,28548,2.72,15971458.8
CHCL,2021-09-30,577.3,577.3,554.0,558.0,21864,-1.41,12279493.1
CHCL,2021-10-03,549.0,564.0,544.0,545.0,37388,-2.33,20570293.9
CHCL,2021-10-04,545.0,554.0,535.0,540.2,19831,-0.88,10782217.9
CHCL,2021-10-05,548.0,549.0,538.1,547.0,28604,1.26,15542489.7
CHCL,2021-10-06,557.0,573.2,550.0,572.1,23452,4.59,13218965.3
CHCL,2021-10-10,582.0,629.0,570.0,604.0,57047,5.58,33704126.0
CHCL,2021-10-11,616.0,649.0,590.0,602.0,41907,-0.33,25278792.8
CHCL,2021-10-17,602.0,610.0,590.0,603.0,14255,0.17,8577364.4
CHCL,2021-10-18,591.0,604.0,585.0,596.0,18290,-1.16,10838735.1
CHCL,2021-10-19,587.0,587.0,552.0,552.0,67622,-7.38,37935016.9
CHCL,2021-10-20,563.0,575.0,563.0,570.0,25177,3.26,14329424.7
CHCL,2021-10-21,579.0,580.0,554.0,568.0,15741,-0.35,8922385.3
CHCL,2021-10-24,568.0,581.0,559.0,576.1,19108,1.43,10992143.4
CHCL,2021-10-25,587.6,600.0,577.0,595.0,23150,3.28,13683242.2
CHCL,2021-10-26,606.0,606.0,590.0,600.0,52823,0.84,31696393.7
CHCL,2021-10-27,610.0,610.0,592.0,598.0,33260,-0.33,19990590.3
CHCL,2021-10-28,609.9,609.9,588.0,596.0,49141,-0.33,29200251.9
CHCL,2021-10-31,600.0,617.0,595.0,614.0,84130,3.02,50815639.4
CHCL,2021-11-01,626.0,626.0,604.3,605.0,44933,-1.47,27342833.3
CHCL,2021-11-02,601.0,612.0,593.0,609.0,30386,0.66,18389188.4
CHCL,2021-11-03,609.1,622.0,607.0,620.0,66704,1.81,41052229.5
CHCL,2021-11-08,629.7,630.0,616.0,616.0,34840,-0.65,21645477.1
CHCL,2021-11-09,615.0,615.0,597.0,606.0,51551,-1.62,31094580.0
CHCL,2021-11-11,594.2,605.0,593.0,593.0,38988,-2.15,23244269.2
CHCL,2021-11-14,593.0,600.0,588.5,588.5,27590,-0.76,16303554.1
CHCL,2021-11-15,576.8,605.0,576.8,590.2,25389,0.29,15036540.0
CHCL,2021-11-16,587.0,618.0,585.0,614.0,36607,4.03,22018638.3
CHCL,2021-11-17,625.0,627.0,607.6,615.0,36144,0.16,22276751.9
CHCL,2021-11-18,604.0,612.0,592.0,596.0,30507,-3.09,18321682.8
CHCL,2021-11-21,600.0,607.0,592.0,593.0,13536,-0.5,8071373.7
CHCL,2021-11-22,598.0,600.0,591.2,592.0,21224,-0.17,12625345.1
CHCL,2021-11-23,585.0,595.0,581.0,582.2,21023,-1.66,12291455.2
CHCL,2021-11-24,582.0,588.7,575.0,580.1,22113,-0.36,12857570.4
CHCL,2021-11-25,590.0,600.0,580.0,583.0,20384,0.5,11878949.4
CHCL,2021-11-28,582.0,582.0,564.0,566.1,32895,-2.9,18760307.0
CHCL,2021-11-29,565.0,575.0,562.0,570.0,24233,0.69,13759742.3
CHCL,2021-11-30,572.0,575.0,562.3,570.0,21417,0.0,12137691.3
CHCL,2021-12-01,571.0,579.0,565.0,569.9,19605,-0.02,11171005.3
CHCL,2021-12-02,570.0,570.0,560.0,561.0,22315,-1.56,12546522.6
CHCL,2021-12-05,551.0,558.0,543.0,543.0,23873,-3.21,13098724.2
CHCL,2021-12-06,543.0,564.8,528.0,550.0,28795,1.29,15579088.9
CHCL,2021-12-07,555.0,561.0,540.0,540.0,24301,-1.82,13356904.7
CHCL,2021-12-08,536.0,540.0,524.0,524.0,25893,-2.96,13738001.8
CHCL,2021-12-09,516.0,535.0,515.0,526.0,17213,0.38,9047819.1
CHCL,2021-12-12,510.0,510.0,490.0,490.2,69161,-6.81,34615587.8
CHCL,2021-12-13,485.0,493.0,471.2,478.0,46744,-2.49,22578358.0
CHCL,2021-12-14,487.5,506.0,487.5,503.0,10347,5.23,5155988.0
CHCL,2021-12-15,513.0,530.0,490.0,500.0,32588,-0.6,16395123.2
CHCL,2021-12-16,510.0,510.0,488.0,488.1,11612,-2.38,5707295.4
CHCL,2021-12-20,495.0,495.0,478.7,482.0,19893,-1.25,9620363.2
CHCL,2021-12-21,490.0,499.8,481.8,490.1,26096,1.68,12725252.9
CHCL,2021-12-22,490.1,507.0,490.1,501.0,24073,2.22,12041512.2
CHCL,2021-12-23,501.0,509.1,498.0,505.0,24692,0.8,12469888.2
CHCL,2021-12-26,506.0,516.0,502.1,515.9,19048,2.16,9738907.0
CHCL,2021-12-27,518.0,518.0,502.1,503.0,25259,-2.5,12875717.7
CHCL,2021-12-28,500.0,502.0,496.1,500.0,16851,-0.6,8410025.1
CHCL,2021-12-29,509.0,510.0,498.0,502.9,44157,0.58,22129890.5
CHCL,2022-01-02,470.0,477.0,462.0,477.0,20494,1.96,9719535.3
CHCL,2022-01-03,471.0,483.5,471.0,481.0,15874,0.84,7591482.6
CHCL,2022-01-04,475.1,518.0,465.5,505.0,38710,4.99,18782043.2
CHCL,2022-01-05,505.0,519.0,490.0,490.0,40763,-2.97,20408971.5
CHCL,2022-01-06,490.0,508.9,490.0,498.0,40138,1.63,19981660.9
CHCL,2022-01-09,507.9,517.0,499.0,512.0,58107,2.81,29503827.5
CHCL,2022-01-10,513.0,523.0,500.0,520.0,78189,1.56,40216992.0
CHCL,2022-01-11,520.5,545.0,520.0,536.1,70880,3.1,37645329.7
CHCL,2022-01-12,540.0,545.0,519.4,520.0,56325,-3.0,30091219.9
CHCL,2022-01-13,514.0,536.0,514.0,535.0,43627,2.88,22921230.8
CHCL,2022-01-16,540.0,560.0,540.0,554.0,72889,3.55,40306768.3
CHCL,2022-01-17,564.0,564.0,545.0,558.0,59871,0.72,33072125.8
CHCL,2022-01-18,566.9,566.9,541.0,545.0,38436,-2.33,21120776.0
CHCL,2022-01-19,555.9,555.9,533.0,536.0,43481,-1.65,23493096.0
CHCL,2022-01-20,536.0,547.0,527.0,542.0,33977,1.12,18298642.8
CHCL,2022-01-23,546.0,546.0,536.0,539.0,25562,-0.55,13842097.5
CHCL,2022-01-24,529.0,532.0,515.0,518.0,54331,-3.9,28319166.9
CHCL,2022-01-25,518.0,530.0,509.0,516.0,31913,-0.39,16599514.2
CHCL,2022-01-26,516.0,518.2,506.0,510.1,22166,-1.14,11349276.0
CHCL,2022-01-27,514.0,515.0,507.0,509.0,24787,-0.22,12657648.8
CHCL,2022-01-30,519.0,538.0,519.0,532.0,35432,4.52,18723107.2
CHCL,2022-01-31,540.0,540.0,519.0,520.0,30420,-2.26,15926951.7
CHCL,2022-02-01,515.0,537.5,512.0,534.0,43049,2.69,22618977.5
CHCL,2022-02-03,539.5,546.9,527.0,527.0,37925,-1.31,20384015.3
CHCL,2022-02-06,523.0,530.0,520.0,523.0,14154,-0.76,7429955.2
CHCL,2022-02-07,525.0,530.0,520.0,524.9,15774,0.36,8264068.4
CHCL,2022-02-08,535.3,554.0,520.0,520.0,38073,-0.93,20077743.6
CHCL,2022-02-09,520.0,524.0,511.0,518.0,14494,-0.38,7522828.5
CHCL,2022-02-10,520.0,520.1,513.1,515.0,15201,-0.58,7842285.0
CHCL,2022-02-13,509.6,510.0,499.0,500.0,27270,-2.91,13704495.6
CHCL,2022-02-14,490.1,519.9,490.1,499.5,17726,-0.1,8880170.3
CHCL,2022-02-15,502.0,509.0,498.0,508.0,24633,1.7,12392360.6
CHCL,2022-02-16,508.1,513.0,503.0,507.0,16461,-0.2,8361605.0
CHCL,2022-02-17,507.0,512.0,506.1,508.3,14120,0.26,7190098.2
CHCL,2022-02-20,498.5,509.0,489.0,499.9,33658,-1.65,16822037.1
CHCL,2022-02-21,509.0,520.0,500.0,515.0,22051,3.02,11148866.1
CHCL,2022-02-22,516.0,523.0,508.0,510.0,31378,-0.97,16132813.0
CHCL,2022-02-23,500.3,518.0,500.2,510.0,30070,0.0,15295874.9
CHCL,2022-02-24,505.0,509.0,495.0,498.0,35946,-2.35,17933590.0
CHCL,2022-02-27,490.0,518.0,490.0,509.9,36488,2.39,18603340.1
CHCL,2022-02-28,520.0,529.0,492.0,505.0,50730,-0.96,25738722.4
CHCL,2022-03-02,495.0,500.0,487.0,490.0,23831,-2.97,11762614.0
CHCL,2022-03-06,480.2,499.0,480.2,487.0,15994,-0.61,7807944.0
CHCL,2022-03-07,483.0,490.3,481.0,483.9,13399,-0.64,6475134.7
CHCL,2022-03-09,485.0,490.8,473.0,476.0,28676,-1.63,13690763.2
CHCL,2022-03-10,476.0,494.0,471.2,488.5,19319,2.63,9347700.3
CHCL,2022-03-13,498.2,502.0,490.0,497.8,29450,1.9,14611909.3
CHCL,2022-03-14,499.0,506.0,489.0,498.0,5263,0.04,2590851.3
CHCL,2022-03-15,495.0,500.0,490.0,490.2,27517,-1.57,13525468.3
CHCL,2022-03-16,498.9,498.9,485.1,489.9,20459,-0.06,10004512.7
CHCL,2022-03-20,489.9,495.0,488.2,492.0,10252,0.43,5031855.7
CHCL,2022-03-21,492.0,498.0,486.1,497.9,21754,1.2,10687186.6
CHCL,2022-03-22,500.0,503.9,496.0,498.8,22571,0.18,11257941.0
CHCL,2022-03-23,495.0,500.0,485.0,487.0,25458,-2.37,12487959.7
CHCL,2022-03-24,495.0,495.0,479.0,480.0,35090,-1.44,16985484.3
CHCL,2022-03-27,489.6,489.6,476.3,477.0,27634,-0.63,13248528.2
CHCL,2022-03-28,478.0,490.0,471.7,473.1,33452,-0.82,15977110.2
CHCL,2022-03-29,471.5,480.0,468.0,472.0,38827,-0.23,18342893.1
CHCL,2022-03-30,474.0,479.0,470.0,478.0,21823,1.27,10316466.7
CHCL,2022-03-31,487.5,487.5,471.1,471.9,10560,-1.28,5018396.4
CHCL,2022-04-03,472.0,480.0,466.0,470.0,22634,-0.4,10633539.2
CHCL,2022-04-04,470.0,475.0,465.0,470.0,22384,0.0,10538899.4
CHCL,2022-04-05,479.4,479.4,462.0,464.1,27135,-1.26,12611258.7
CHCL,2022-04-06,461.0,469.0,455.0,455.8,27003,-1.79,12358314.3
CHCL,2022-04-07,460.0,465.0,451.0,458.0,27480,0.48,12580180.8
CHCL,2022-04-11,458.0,476.4,450.0,453.0,17673,-1.09,8076922.3
CHCL,2022-04-12,454.0,454.0,444.0,447.0,13902,-1.32,6224363.2
CHCL,2022-04-13,445.0,452.0,445.0,450.0,15026,0.67,6743302.5
CHCL,2022-04-17,452.0,457.9,444.5,447.0,13022,-0.67,5833525.3
CHCL,2022-04-18,450.0,450.0,439.0,442.0,9708,-1.12,4284390.0
CHCL,2022-04-19,445.0,446.0,436.1,443.9,15509,0.43,6838634.8
CHCL,2022-04-20,437.1,450.0,433.0,438.0,20155,-1.33,8861235.6
CHCL,2022-04-21,446.7,446.7,432.0,437.1,17216,-0.21,7545016.3
CHCL,2022-04-24,440.0,460.0,436.1,460.0,20691,5.24,9300885.7
CHCL,2022-04-25,460.0,469.2,452.0,452.0,15247,-1.74,6991315.9
CHCL,2022-04-26,450.0,457.0,446.0,450.0,17774,-0.44,8055915.8
CHCL,2022-04-27,459.0,459.0,441.0,456.9,10413,1.53,4678944.1
CHCL,2022-04-28,460.0,460.0,445.0,448.0,14188,-1.95,6408367.6
CHCL,2022-05-02,448.0,448.0,439.3,441.0,19313,-1.56,8527300.6
CHCL,2022-05-04,440.0,442.0,434.0,434.6,13656,-1.45,5978075.8
CHCL,2022-05-05,431.2,440.0,430.0,432.0,8272,-0.6,3580836.4
CHCL,2022-05-08,440.6,440.6,426.5,431.0,17487,-0.23,7502495.8
CHCL,2022-05-09,435.0,447.0,431.0,431.0,18983,0.0,8298822.6
CHCL,2022-05-10,435.0,443.7,432.2,443.0,24327,2.78,10613082.3
CHCL,2022-05-11,450.0,458.0,441.6,455.0,20026,2.71,8963804.1
CHCL,2022-05-12,456.0,460.0,447.0,453.0,24592,-0.44,11122085.5
CHCL,2022-05-17,452.9,452.9,439.3,439.4,16397,-3.0,7277608.7
CHCL,2022-05-18,439.2,444.0,437.1,440.0,13115,0.14,5770511.5
CHCL,2022-05-19,440.0,444.5,435.0,439.9,15865,-0.02,6970139.9
CHCL,2022-05-20,435.3,441.8,435.3,441.0,7085,0.25,3094873.0
CHCL,2022-05-23,436.0,436.0,430.0,430.2,14451,-2.45,6240513.6
CHCL,2022-05-24,425.0,438.8,422.2,434.8,6783,1.07,2918048.3
CHCL,2022-05-25,443.4,445.4,435.0,437.5,9983,0.62,4388260.9
CHCL,2022-05-26,438.1,440.0,436.0,440.0,6623,0.57,2904189.0
CHCL,2022-05-27,447.0,447.0,435.1,438.0,7353,-0.45,3217340.9
CHCL,2022-05-30,438.0,438.0,426.0,428.0,15543,-2.28,6681267.3
CHCL,2022-05-31,425.0,425.0,415.0,424.0,18337,-0.93,7693824.2
CHCL,2022-06-01,420.0,432.0,412.0,426.0,15491,0.47,6505700.1
CHCL,2022-06-02,417.7,430.0,417.7,422.0,6623,-0.94,2804220.9
CHCL,2022-06-03,420.0,422.5,414.0,415.9,14031,-1.45,5836581.3
CHCL,2022-06-06,412.0,423.0,412.0,415.0,13009,-0.22,5394340.4
CHCL,2022-06-07,413.0,414.5,392.0,402.0,37453,-3.13,14978439.9
CHCL,2022-06-08,410.0,413.0,398.1,405.0,23153,0.75,9381821.1
CHCL,2022-06-09,400.0,411.5,398.0,402.0,16755,-0.74,6767948.2
CHCL,2022-06-10,395.3,405.0,394.0,399.9,8960,-0.52,3582349.0
CHCL,2022-06-13,395.1,399.0,395.1,396.0,7280,-0.98,2885709.2
CHCL,2022-06-14,400.0,400.0,386.0,387.0,21090,-2.27,8200342.1
CHCL,2022-06-15,394.0,394.0,377.0,379.0,17572,-2.07,6693813.5
CHCL,2022-06-16,373.2,384.0,372.0,380.0,12656,0.26,4802774.9
CHCL,2022-06-17,380.0,385.0,375.0,379.1,3763,-0.24,1432185.3
CHCL,2022-06-19,380.0,382.0,369.0,369.0,28621,-2.66,10737233.3
CHCL,2022-06-20,369.0,370.0,359.0,361.0,24050,-2.17,8755098.7
CHCL,2022-06-21,365.0,372.0,360.0,367.1,21032,1.69,7697370.3
CHCL,2022-06-22,369.0,369.0,360.0,365.0,11488,-0.57,4169597.1
CHCL,2022-06-23,364.0,366.6,353.0,359.0,25968,-1.64,9275505.8
CHCL,2022-06-24,355.0,362.0,347.9,360.0,28614,0.28,10136051.6
CHCL,2022-06-26,367.2,382.0,365.0,381.0,32130,5.83,12103302.4
CHCL,2022-06-27,385.0,393.0,372.4,379.0,28746,-0.52,10961278.5
CHCL,2022-06-28,379.1,387.0,375.0,384.0,31234,1.32,11900346.3
CHCL,2022-06-29,381.1,395.0,379.2,395.0,29289,2.86,11351368.2
CHCL,2022-06-30,402.0,416.6,397.0,415.0,40645,5.06,16725351.8
CHCL,2022-07-01,418.0,420.0,400.2,413.0,9098,-0.48,3757577.4
CHCL,2022-07-03,413.0,434.0,406.2,430.0,26466,4.12,11173353.3
CHCL,2022-07-04,435.0,438.2,415.6,418.9,48885,-2.58,20991609.8
CHCL,2022-07-05,411.0,418.8,402.2,406.9,29168,-2.86,11901099.2
CHCL,2022-07-06,410.0,418.2,397.0,415.0,29966,1.99,12123821.9
CHCL,2022-07-07,423.0,423.0,405.0,410.0,18200,-1.2,7465143.8
CHCL,2022-07-08,410.0,410.0,396.2,404.0,14290,-1.46,5742601.5
CHCL,2022-07-11,400.0,400.0,383.2,387.0,22174,-4.21,8647965.0
CHCL,2022-07-12,383.0,405.7,383.0,393.1,10654,1.58,4209630.6
CHCL,2022-07-13,399.0,409.5,395.0,406.0,19536,3.28,7846758.2
CHCL,2022-07-14,411.0,411.0,399.0,406.9,10610,0.22,4250731.2
CHCL,2022-07-15,400.0,410.0,400.0,408.0,6651,0.27,2688105.4
CHCL,2022-07-17,404.0,412.0,400.0,403.0,8381,-1.23,3370763.9
CHCL,2022-07-18,400.0,404.0,398.1,404.0,6154,0.25,2469977.7
CHCL,2022-07-19,400.1,410.0,400.1,401.1,15021,-0.72,6091337.4
CHCL,2022-07-20,407.0,408.0,399.9,405.0,11609,0.97,4687940.2
CHCL,2022-07-21,401.0,405.0,399.0,402.5,6245,-0.62,2507719.5
CHCL,2022-07-22,402.0,402.0,396.0,399.1,12630,-0.84,5046009.4
CHCL,2022-07-24,404.0,413.1,395.0,410.0,25760,2.73,10301105.1
CHCL,2022-07-25,406.0,418.0,405.1,413.9,18878,0.95,7832250.6
CHCL,2022-07-26,414.0,415.0,399.2,402.0,20342,-2.88,8235152.1
CHCL,2022-07-27,402.0,405.0,399.0,402.0,25388,0.0,10191009.9
CHCL,2022-07-28,410.0,418.2,404.0,410.0,34107,1.99,13964737.3
CHCL,2022-07-29,410.0,413.9,404.0,406.0,13211,-0.98,5363531.3
CHCL,2022-07-31,414.0,414.0,407.0,412.0,30514,1.48,12523193.2
CHCL,2022-08-01,419.9,438.0,414.0,424.9,71972,3.13,30728015.8
CHCL,2022-08-02,432.0,448.0,422.1,448.0,66500,5.44,28704300.6
CHCL,2022-08-03,456.0,456.0,439.0,444.0,39004,-0.89,17384549.0
CHCL,2022-08-04,444.0,448.0,430.0,430.1,44245,-3.13,19241847.7
CHCL,2022-08-05,435.0,435.0,418.0,426.0,33524,-0.95,14158392.6
CHCL,2022-08-07,434.0,435.5,421.4,428.0,19034,0.47,8088028.1
CHCL,2022-08-08,436.5,436.5,413.0,419.9,19060,-1.89,8055014.5
CHCL,2022-08-09,428.2,428.2,406.2,406.9,25566,-3.1,10481502.5
CHCL,2022-08-10,415.0,415.0,400.0,402.9,15759,-0.98,6355041.8
CHCL,2022-08-11,402.0,409.0,399.0,399.0,11577,-0.97,4649412.1
CHCL,2022-08-14,392.0,400.0,392.0,393.0,10600,-1.5,4195343.3
CHCL,2022-08-15,400.0,411.0,397.0,411.0,17888,4.58,7203917.2
CHCL,2022-08-16,415.9,416.0,393.0,396.2,17142,-3.6,6925603.8
CHCL,2022-08-17,397.1,411.9,397.1,400.0,14169,0.96,5667657.4
CHCL,2022-08-18,401.2,409.0,401.2,407.0,11725,1.75,4763113.0
CHCL,2022-08-21,413.0,415.0,404.0,404.0,11712,-0.74,4777164.2
CHCL,2022-08-22,405.0,409.8,398.2,404.0,6234,0.0,2513645.7
CHCL,2022-08-23,410.0,410.0,401.0,404.0,8414,0.0,3396289.4
CHCL,2022-08-24,407.0,408.0,403.7,403.7,10822,-0.07,4384729.7
CHCL,2022-08-25,411.0,411.0,396.0,397.0,20402,-1.66,8154381.1
CHCL,2022-08-26,401.0,401.0,393.0,396.0,11577,-0.25,4562816.4
CHCL,2022-08-28,399.0,399.0,385.0,385.0,30877,-2.78,12011305.9
CHCL,2022-08-29,392.7,395.0,384.0,385.1,14627,0.03,5645840.6
CHCL,2022-08-30,389.0,389.0,381.3,385.9,13900,0.21,5351559.0
CHCL,2022-08-31,393.0,393.0,382.0,383.0,9223,-0.75,3540295.8
CHCL,2022-09-01,390.0,390.0,377.4,382.0,42280,-0.26,16168826.9
CHCL,2022-09-02,389.0,416.0,385.0,392.0,8303,2.62,3257199.9
CHCL,2022-09-04,399.0,399.0,388.1,394.0,6961,0.51,2722752.8
CHCL,2022-09-05,394.0,401.0,388.1,390.0,7950,-1.02,3093627.0
CHCL,2022-09-06,384.0,397.0,383.1,385.0,10235,-1.28,3951745.8
CHCL,2022-09-07,385.0,392.6,382.0,385.0,9460,0.0,3634318.1
CHCL,2022-09-08,392.0,392.0,379.0,382.0,11783,-0.78,4515144.1
CHCL,2022-09-11,377.7,383.0,375.0,375.2,11753,-1.78,4434722.4
CHCL,2022-09-12,376.0,377.0,369.2,372.0,10458,-0.85,3879071.1
CHCL,2022-09-13,378.0,380.9,370.0,373.0,11776,0.27,4405427.7
CHCL,2022-09-14,373.0,383.0,373.0,380.2,15596,1.93,5877401.4
CHCL,2022-09-15,378.0,381.0,366.0,370.0,16231,-2.68,6049216.2
CHCL,2022-09-16,366.0,370.0,362.6,370.0,3944,0.0,1447702.8
CHCL,2022-09-18,365.0,372.9,364.0,364.0,15370,-1.62,5622273.0
CHCL,2022-09-20,360.0,364.0,352.2,354.1,18008,-2.72,6401980.9
CHCL,2022-09-21,354.0,360.0,354.0,355.3,5270,0.34,1883442.0
CHCL,2022-09-22,355.0,362.1,355.0,358.0,5635,0.76,2019721.7
CHCL,2022-09-25,354.0,359.0,353.0,357.0,10857,-0.28,3856910.3
CHCL,2022-09-27,364.1,364.1,355.0,361.9,6167,1.37,2217953.4
CHCL,2022-09-28,369.1,369.1,355.9,358.1,11004,-1.05,3948705.6
CHCL,2022-09-29,352.0,366.1,352.0,365.0,2899,1.93,1048808.7
CHCL,2022-10-09,365.0,372.3,357.7,371.0,2778,1.64,1022216.5
CHCL,2022-10-10,371.0,371.0,362.0,364.0,8533,-1.89,3123978.2
CHCL,2022-10-11,360.0,365.0,357.6,359.0,8827,-1.37,3172437.6
CHCL,2022-10-12,354.2,365.0,354.0,362.0,23542,0.84,8435275.3
CHCL,2022-10-13,362.0,370.0,362.0,370.0,9116,2.21,3344995.5
CHCL,2022-10-16,365.0,369.5,362.6,365.0,8019,-1.35,2915392.7
CHCL,2022-10-17,368.0,372.0,362.4,363.0,7932,-0.55,2901744.6
CHCL,2022-10-19,362.0,365.0,358.1,359.5,4476,-0.96,1612770.8
CHCL,2022-10-20,353.2,365.0,353.1,363.0,4378,0.97,1576209.5
CHCL,2022-10-23,370.0,370.0,364.0,367.0,2430,1.1,889400.5
CHCL,2022-10-31,374.3,374.3,362.1,373.0,4839,1.63,1784746.5
CHCL,2022-11-01,377.0,385.0,370.0,384.5,8946,3.08,3400155.4
CHCL,2022-11-02,392.0,392.0,380.0,385.0,11689,0.13,4495482.0
CHCL,2022-11-03,377.5,384.0,377.5,378.0,4777,-1.82,1814593.0
CHCL,2022-11-06,385.1,387.6,373.5,387.5,13407,2.51,5135165.0
CHCL,2022-11-07,395.0,395.9,380.0,387.0,16006,-0.13,6248362.6
CHCL,2022-11-08,385.0,394.0,379.3,387.0,3105,0.0,1189752.7
CHCL,2022-11-09,394.0,396.0,377.0,377.0,10876,-2.58,4129388.8
CHCL,2022-11-10,377.0,384.4,367.5,368.0,12801,-2.39,4754206.8
CHCL,2022-11-13,361.3,375.0,361.3,365.0,4665,-0.82,1706620.0
CHCL,2022-11-14,372.3,373.0,365.0,368.2,7071,0.88,2613346.4
CHCL,2022-11-15,375.5,380.0,370.0,374.4,1883,1.68,703430.0
CHCL,2022-11-16,378.0,378.0,374.0,374.0,6736,-0.11,2527418.4
CHCL,2022-11-17,381.4,389.0,377.3,384.0,7191,2.67,2746763.1
CHCL,2022-11-22,391.0,393.9,384.0,388.9,8990,1.28,3483940.4
CHCL,2022-11-23,396.0,396.0,381.4,382.0,5386,-1.77,2069474.8
CHCL,2022-11-24,379.0,385.0,376.0,381.0,5862,-0.26,2226618.2
CHCL,2022-11-27,387.0,390.0,373.4,390.0,16253,2.36,6203279.7
CHCL,2022-11-28,390.0,395.8,383.1,388.0,7144,-0.51,2761949.2
CHCL,2022-11-29,388.0,388.0,380.6,381.1,5996,-1.78,2299904.0
CHCL,2022-11-30,381.1,386.0,381.1,383.1,6641,0.52,2546598.0
CHCL,2022-12-01,389.0,390.1,382.3,390.0,12126,1.8,4690197.7
CHCL,2022-12-04,390.0,400.0,390.0,397.0,21239,1.79,8429315.9
CHCL,2022-12-05,395.0,395.0,386.7,391.0,9863,-1.51,3850612.6
CHCL,2022-12-06,391.0,391.0,383.4,387.0,6364,-1.02,2461158.1
CHCL,2022-12-07,390.0,399.0,380.1,381.0,39436,-1.55,15259346.7
CHCL,2022-12-11,383.0,388.6,380.0,382.0,27241,0.26,10435037.8
CHCL,2022-12-12,380.0,385.0,375.3,384.0,19118,0.52,7257910.5
CHCL,2022-12-13,390.0,390.0,380.1,385.0,7138,0.26,2738601.1
CHCL,2022-12-14,380.3,388.9,380.2,388.0,8865,0.78,3421608.2
CHCL,2022-12-15,382.0,393.0,382.0,390.0,31661,0.52,12325801.2
CHCL,2022-12-18,356.0,359.0,351.1,355.5,13308,-2.01,4715935.6
CHCL,2022-12-19,351.0,357.0,350.1,351.3,10791,-1.18,3806905.0
CHCL,2022-12-20,358.0,364.0,351.1,354.0,7740,0.77,2740701.1
CHCL,2022-12-21,354.0,354.9,352.3,352.3,2013,-0.48,711888.0
CHCL,2022-12-22,353.1,354.9,351.1,352.0,4888,-0.09,1721895.5
CHCL,2022-12-26,359.0,366.1,353.0,366.1,14913,4.01,5368690.1
CHCL,2022-12-27,372.0,386.0,368.0,378.1,25384,3.28,9638060.8
CHCL,2022-12-28,385.6,385.6,374.0,378.2,15935,0.03,6060028.9
CHCL,2022-12-29,378.0,390.0,373.5,389.8,27905,3.07,10774309.9
CHCL,2023-01-01,386.0,407.7,386.0,392.1,34437,0.59,13718174.3
CHCL,2023-01-02,395.0,404.0,391.1,397.0,18212,1.25,7242643.5
CHCL,2023-01-03,397.0,403.0,386.0,395.0,36604,-0.5,14430314.3
CHCL,2023-01-04,395.0,416.0,392.0,414.1,79975,4.84,31934903.0
CHCL,2023-01-05,415.0,415.0,407.0,410.1,22760,-0.97,9359949.5
CHCL,2023-01-08,410.0,421.0,410.0,415.5,35485,1.32,14798054.4
CHCL,2023-01-09,418.0,425.0,409.8,420.2,38507,1.13,16098265.4
CHCL,2023-01-10,422.0,444.0,421.4,425.4,82952,1.24,35891836.7
CHCL,2023-01-12,420.0,436.9,412.0,415.0,43543,-2.44,18363813.3
CHCL,2023-01-17,418.0,434.8,410.0,425.0,31701,2.41,13392221.6
CHCL,2023-01-18,426.0,434.0,419.0,419.0,25882,-1.41,11022091.2
CHCL,2023-01-19,425.5,427.0,415.0,420.0,18480,0.24,7733402.2
CHCL,2023-01-23,424.9,425.0,416.2,418.0,23388,-0.48,9788334.0
CHCL,2023-01-24,416.0,426.3,411.1,422.9,27610,1.17,11514934.6
CHCL,2023-01-25,425.0,425.0,417.0,420.0,28237,-0.69,11879635.2
CHCL,2023-01-26,421.0,440.0,417.5,438.0,43160,4.29,18574989.8
CHCL,2023-01-29,438.0,467.0,427.0,460.0,99840,5.02,45382085.0
CHCL,2023-01-30,460.0,480.6,448.0,448.0,133708,-2.61,61987211.6
CHCL,2023-01-31,444.0,466.0,444.0,459.9,62401,2.66,28391489.6
CHCL,2023-02-01,465.0,465.0,454.4,465.0,33528,1.11,15452104.0
CHCL,2023-02-02,460.2,495.0,458.0,466.0,97262,0.22,45836505.0
CHCL,2023-02-05,470.0,489.0,464.0,485.0,105338,4.08,50704904.4
CHCL,2023-02-06,494.7,494.7,479.0,481.0,72702,-0.82,35301337.4
CHCL,2023-02-07,481.4,494.2,481.4,492.0,55497,2.29,27245931.5
CHCL,2023-02-08,498.0,501.0,486.0,487.0,43788,-1.02,21638837.2
CHCL,2023-02-09,490.0,495.0,485.0,490.0,32508,0.62,15885324.5
CHCL,2023-02-12,481.0,488.0,477.1,477.5,35339,-2.55,16958901.4
CHCL,2023-02-14,475.0,479.0,467.2,467.5,27749,-2.09,13075127.5
CHCL,2023-02-15,466.0,474.0,459.0,461.5,29080,-1.28,13514818.2
CHCL,2023-02-16,455.2,462.0,455.0,458.5,18948,-0.65,8663725.6
CHCL,2023-02-20,455.0,460.0,451.6,454.0,23901,-0.98,10844456.5
CHCL,2023-02-22,451.0,468.6,451.0,466.0,17201,2.64,7976730.9
CHCL,2023-02-23,461.0,464.9,457.1,460.3,25771,-1.22,11854533.0
CHCL,2023-02-26,455.0,460.0,446.0,459.0,30673,-0.28,13816724.8
CHCL,2023-02-27,460.0,469.2,452.0,465.9,49232,1.5,22604865.7
CHCL,2023-02-28,461.0,504.1,458.0,474.4,28356,1.82,13465125.7
CHCL,2023-03-01,472.1,487.0,472.0,475.3,37874,0.19,18150299.5
CHCL,2023-03-02,472.0,479.5,469.5,472.5,30451,-0.59,14434417.4
CHCL,2023-03-05,465.1,465.3,455.1,463.0,47123,-2.01,21737545.2
CHCL,2023-03-07,455.4,472.0,455.4,468.7,25903,1.23,12082697.0
CHCL,2023-03-09,477.7,485.0,470.0,484.0,46032,3.26,22078212.5
CHCL,2023-03-12,485.0,486.7,475.3,475.3,31062,-1.8,14866262.2
CHCL,2023-03-13,468.7,475.0,468.0,469.9,17449,-1.14,8211807.2
CHCL,2023-03-14,465.1,473.0,465.1,468.0,12493,-0.4,5845752.5
CHCL,2023-03-15,469.4,472.0,462.2,468.0,21201,0.0,9877695.8
CHCL,2023-03-16,465.0,471.0,462.0,469.9,17602,0.41,8201864.4
CHCL,2023-03-19,470.0,471.0,463.2,469.0,21725,-0.19,10139491.3
CHCL,2023-03-20,466.0,479.0,466.0,479.0,27743,2.13,13119954.8
CHCL,2023-03-22,479.0,485.0,475.0,479.1,30167,0.02,14462717.2
CHCL,2023-03-23,479.0,481.0,467.0,470.9,37595,-1.71,17702945.9
CHCL,2023-03-26,462.0,477.0,461.0,468.9,48876,-0.42,22750959.0
CHCL,2023-03-27,466.0,476.9,463.0,474.0,21870,1.09,10290628.8
CHCL,2023-03-28,475.0,483.0,469.0,477.4,32295,0.72,15487895.6
CHCL,2023-03-29,479.0,481.8,472.1,479.9,20928,0.52,10032979.7
CHCL,2023-03-30,484.5,484.5,479.0,480.0,22098,0.02,10616207.1
CHCL,2023-04-02,483.0,483.0,466.1,473.0,22885,-1.46,10810162.2
CHCL,2023-04-03,465.0,472.0,465.0,467.0,9982,-1.27,4678271.5
CHCL,2023-04-04,466.2,475.0,463.0,470.9,15753,0.84,7380618.1
CHCL,2023-04-05,470.0,474.9,467.1,472.0,15668,0.23,7375366.1
CHCL,2023-04-06,473.0,473.9,468.1,468.4,10531,-0.76,4953265.1
CHCL,2023-04-09,465.1,467.8,461.2,463.0,19846,-1.15,9199977.4
CHCL,2023-04-10,462.0,464.9,459.2,462.6,33550,-0.09,15469435.4
CHCL,2023-04-11,460.1,469.0,460.1,469.0,18514,1.38,8602593.7
CHCL,2023-04-12,469.0,490.0,462.1,490.0,44824,4.48,21602509.5
CHCL,2023-04-13,491.0,495.1,480.0,490.0,74304,0.0,36461295.7
CHCL,2023-04-16,485.0,494.0,481.7,488.0,22297,-0.41,10879194.7
CHCL,2023-04-17,490.0,493.0,480.0,481.7,14769,-1.29,7127551.2
CHCL,2023-04-18,474.1,484.6,474.1,481.0,12955,-0.15,6213370.8
CHCL,2023-04-19,482.0,489.8,480.7,484.0,17530,0.62,8494008.1
CHCL,2023-04-20,485.0,489.8,479.0,482.0,18217,-0.41,8811439.7
CHCL,2023-04-23,480.0,480.0,476.2,477.1,11966,-1.02,5709100.7
CHCL,2023-04-24,473.0,480.0,472.2,478.0,12801,0.19,6100160.6
CHCL,2023-04-25,472.1,479.9,472.1,479.0,9530,0.21,4539700.6
CHCL,2023-04-26,477.2,481.0,475.6,478.0,12907,-0.21,6171365.0
CHCL,2023-04-27,475.4,477.0,471.4,475.9,14989,-0.44,7116089.0
CHCL,2023-04-30,470.0,473.0,467.2,469.5,9421,-1.34,4432657.9
CHCL,2023-05-02,465.0,469.0,465.0,468.0,13899,-0.32,6487581.3
CHCL,2023-05-03,465.0,470.0,460.2,470.0,11516,0.43,5342577.8
CHCL,2023-05-04,470.0,471.0,458.1,469.0,23898,-0.21,11043804.0
CHCL,2023-05-07,460.1,466.0,460.0,464.0,7879,-1.07,3633610.5
CHCL,2023-05-08,465.0,466.6,459.0,461.0,5671,-0.65,2608530.3
CHCL,2023-05-09,468.9,468.9,457.0,464.0,14581,0.65,6720768.6
CHCL,2023-05-10,464.0,470.0,460.0,470.0,10300,1.29,4781527.7
CHCL,2023-05-11,466.0,472.0,465.0,472.0,8714,0.43,4075929.1
CHCL,2023-05-14,477.5,477.5,463.0,464.0,8708,-1.69,4039164.1
CHCL,2023-05-15,463.0,463.1,459.0,462.5,10737,-0.32,4943791.2
CHCL,2023-05-16,461.0,463.0,454.6,460.0,13540,-0.54,6184970.8
CHCL,2023-05-17,459.0,463.9,458.0,460.9,9956,0.2,4582880.6
CHCL,2023-05-18,470.1,470.1,462.0,468.9,13329,1.74,6235219.9
CHCL,2023-05-21,473.0,473.0,463.0,466.0,22216,-0.62,10390592.8
CHCL,2023-05-22,462.0,476.0,462.0,472.0,19491,1.29,9169472.3
CHCL,2023-05-23,472.0,481.0,470.0,480.0,24681,1.69,11786416.7
CHCL,2023-05-24,480.0,485.0,471.7,475.5,32625,-0.94,15555889.8
CHCL,2023-05-28,482.0,510.0,482.0,504.0,167293,5.99,83829561.7
CHCL,2023-05-30,507.0,512.0,494.0,511.0,139919,1.39,70453816.3
CHCL,2023-05-31,509.0,510.0,494.9,497.6,73864,-2.62,37119454.4
CHCL,2023-06-01,500.0,505.8,493.9,505.0,62693,1.49,31389971.1
CHCL,2023-06-04,507.0,536.3,507.0,536.0,124750,6.14,65499913.2
CHCL,2023-06-05,536.0,552.0,527.7,549.0,169377,2.43,91942111.9
CHCL,2023-06-06,555.0,558.0,540.0,556.0,109236,1.28,60182183.8
CHCL,2023-06-07,560.0,562.0,547.2,548.1,95799,-1.42,52931390.5
CHCL,2023-06-08,548.1,552.0,540.0,540.0,71555,-1.48,38997234.9
CHCL,2023-06-11,545.0,554.0,542.0,550.6,64056,1.96,35160617.1
CHCL,2023-06-12,555.0,560.0,546.0,547.0,87676,-0.65,48302499.0
CHCL,2023-06-13,550.0,569.0,543.2,565.0,110911,3.29,61911611.9
CHCL,2023-06-14,567.0,584.9,560.0,572.0,133016,1.24,76737107.6
CHCL,2023-06-15,562.1,573.0,560.0,563.1,92537,-1.56,52287724.4
CHCL,2023-06-18,570.0,591.0,564.0,588.0,109159,4.42,63473803.6
CHCL,2023-06-19,586.0,594.0,576.3,581.0,62490,-1.19,36438603.2
CHCL,2023-06-20,580.0,584.5,566.0,566.0,74305,-2.58,42643556.9
CHCL,2023-06-21,567.1,574.0,564.0,567.5,60110,0.27,34142935.0
CHCL,2023-06-22,566.0,570.9,556.2,565.0,59663,-0.44,33594936.0
CHCL,2023-06-25,563.1,575.4,560.0,571.5,70405,1.15,39984703.5
CHCL,2023-06-26,580.0,594.0,564.0,573.0,88445,0.26,51261361.1
CHCL,2023-06-27,574.0,580.0,562.0,574.1,63056,0.19,36004921.2
CHCL,2023-06-28,576.0,584.6,560.0,563.0,61798,-1.93,35055861.3
CHCL,2023-07-02,556.0,562.0,540.0,545.0,74375,-3.2,40900655.9
CHCL,2023-07-03,536.0,551.0,536.0,538.1,49316,-1.27,26790479.8
CHCL,2023-07-04,531.0,542.0,531.0,535.0,30538,-0.58,16357914.5
CHCL,2023-07-05,540.0,556.6,524.0,524.0,51427,-2.06,27525304.3
CHCL,2023-07-06,526.1,547.0,526.0,541.0,38970,3.24,20898877.3
CHCL,2023-07-09,548.9,553.0,542.5,546.0,25452,0.92,13929562.9
CHCL,2023-07-10,542.1,548.0,535.0,535.2,38133,-1.98,20608685.0
CHCL,2023-07-11,533.1,535.0,526.1,530.0,35626,-0.97,18815156.0
CHCL,2023-07-12,521.0,544.0,519.4,540.0,42745,1.89,22972068.3
CHCL,2023-07-13,549.0,552.0,536.0,538.0,137437,-0.37,75090985.0
CHCL,2023-07-16,548.0,548.0,528.1,536.7,22932,-0.24,12267132.2
CHCL,2023-07-17,538.0,546.0,530.1,543.0,19305,1.17,10433964.3
CHCL,2023-07-18,553.0,553.0,539.0,540.0,29745,-0.55,16235104.5
CHCL,2023-07-19,540.0,547.5,535.1,538.1,19108,-0.35,10332823.9
CHCL,2023-07-20,548.0,554.9,535.0,542.0,43407,0.72,23507522.5
CHCL,2023-07-23,552.8,563.0,536.0,555.0,43051,2.4,23625435.9
CHCL,2023-07-24,555.0,557.8,545.1,547.8,38575,-1.3,21255253.4
CHCL,2023-07-25,545.0,548.5,535.0,540.0,40474,-1.42,21861106.8
CHCL,2023-07-26,535.0,544.0,531.0,532.0,28885,-1.48,15452368.6
CHCL,2023-07-27,534.0,538.0,529.8,531.0,38875,-0.19,20698170.6
CHCL,2023-07-30,530.0,530.0,517.7,520.0,43470,-2.07,22690984.3
CHCL,2023-07-31,528.0,528.0,514.0,514.1,34789,-1.13,18068190.2
CHCL,2023-08-01,524.0,524.0,505.2,508.0,34134,-1.19,17423925.8
CHCL,2023-08-02,515.0,516.0,501.0,507.0,27099,-0.2,13694808.3
CHCL,2023-08-03,500.0,518.9,500.0,506.0,28979,-0.2,14832714.5
CHCL,2023-08-06,516.1,526.0,489.1,493.7,59731,-2.43,29602960.6
CHCL,2023-08-07,483.9,514.0,483.9,495.2,31260,0.3,15541837.7
CHCL,2023-08-08,490.0,498.0,488.1,488.2,33028,-1.41,16213879.7
CHCL,2023-08-09,496.1,525.4,485.0,510.0,32245,4.47,16118368.1
CHCL,2023-08-10,501.0,520.8,500.0,515.0,38480,0.98,19817807.1
CHCL,2023-08-13,515.0,523.8,510.0,523.0,65004,1.55,33479619.8
CHCL,2023-08-14,518.0,519.0,506.0,507.0,39336,-3.06,20095317.2
CHCL,2023-08-15,510.0,510.0,492.0,495.9,31781,-2.19,15920765.9
CHCL,2023-08-16,491.2,501.0,491.1,493.0,24919,-0.58,12350078.7
CHCL,2023-08-17,493.0,502.8,493.0,499.5,21422,1.32,10682839.3
CHCL,2023-08-20,500.0,500.0,486.0,487.8,30310,-2.34,14782381.8
CHCL,2023-08-21,485.0,488.1,479.2,479.2,34715,-1.76,16750069.2
CHCL,2023-08-22,480.0,487.4,477.1,486.0,22682,1.42,10946950.8
CHCL,2023-08-23,483.2,502.0,483.1,497.4,18183,2.35,8997260.9
CHCL,2023-08-24,504.0,504.0,491.1,492.0,20947,-1.09,10375211.5
CHCL,2023-08-27,491.0,491.0,480.2,481.0,21779,-2.24,10563765.2
CHCL,2023-08-28,481.0,485.0,480.0,481.4,15738,0.08,7582342.9
CHCL,2023-08-29,481.0,486.0,477.1,480.0,11106,-0.29,5334712.5
CHCL,2023-08-30,482.0,484.0,478.3,481.9,8689,0.4,4182757.4
CHCL,2023-09-03,476.1,482.9,473.3,474.0,18174,-1.64,8649428.8
CHCL,2023-09-04,471.0,487.0,470.0,479.0,15989,1.05,7589350.9
CHCL,2023-09-05,478.0,479.5,471.0,476.0,7621,-0.63,3619102.5
CHCL,2023-09-07,469.3,478.6,469.1,469.4,29344,-1.39,13804595.5
CHCL,2023-09-10,470.0,474.0,467.3,472.0,21714,0.55,10212934.2
CHCL,2023-09-11,475.0,489.9,472.0,483.0,109789,2.33,52380014.5
CHCL,2023-09-12,480.3,489.9,477.0,480.0,16445,-0.62,7904587.6
CHCL,2023-09-13,480.0,490.0,475.1,489.9,22541,2.06,10915994.9
CHCL,2023-09-17,483.1,493.0,476.2,480.1,24819,-2.0,12008925.1
CHCL,2023-09-18,485.0,485.0,475.0,480.0,7749,-0.02,3709043.7
CHCL,2023-09-19,486.0,486.9,477.0,485.5,8063,1.15,3885556.0
CHCL,2023-09-21,495.0,506.0,493.2,499.9,63366,2.97,31688518.7
CHCL,2023-09-24,509.8,509.8,490.4,495.0,19230,-0.98,9568196.5
CHCL,2023-09-25,499.0,499.0,487.1,492.0,15301,-0.61,7549039.4
CHCL,2023-09-26,495.0,507.0,495.0,507.0,23074,3.05,11592168.4
CHCL,2023-09-27,502.0,505.0,495.0,503.0,23103,-0.79,11530238.4
CHCL,2023-10-01,496.0,501.9,495.0,495.1,26038,-1.57,12928765.6
CHCL,2023-10-02,495.0,505.0,489.0,496.5,17971,0.28,8899510.9
CHCL,2023-10-03,496.6,498.9,488.0,490.0,20875,-1.31,10266795.5
CHCL,2023-10-04,493.0,495.0,482.5,487.0,34402,-0.61,16758119.7
CHCL,2023-10-05,489.0,490.8,481.0,487.9,12034,0.18,5815123.0
CHCL,2023-10-08,488.0,488.0,472.6,473.3,26961,-2.99,12891153.5
CHCL,2023-10-09,470.0,477.0,468.0,472.0,11579,-0.27,5450550.7
CHCL,2023-10-10,481.0,481.0,465.0,466.0,12395,-1.27,5829570.1
CHCL,2023-10-11,466.0,478.0,466.0,467.5,9071,0.32,4266176.3
CHCL,2023-10-12,467.0,475.8,462.5,468.0,22325,0.11,10406962.7
CHCL,2023-10-16,461.1,469.0,460.0,469.0,9668,0.21,4460953.2
CHCL,2023-10-17,475.0,475.0,465.0,472.0,5650,0.64,2654686.3
CHCL,2023-10-18,472.3,485.0,471.0,484.7,8814,2.69,4218246.9
CHCL,2023-10-19,476.0,488.9,476.0,481.0,6690,-0.76,3221282.0
CHCL,2023-10-29,481.0,481.0,471.0,472.0,6037,-1.87,2853849.9
CHCL,2023-10-30,462.8,472.0,462.8,468.0,10362,-0.85,4834334.1
CHCL,2023-10-31,461.0,476.0,458.9,469.0,5374,0.21,2508343.2
CHCL,2023-11-01,470.0,471.9,465.2,465.2,8862,-0.81,4139550.8
CHCL,2023-11-02,465.0,469.0,463.0,464.0,6678,-0.26,3102685.7
CHCL,2023-11-05,463.5,463.9,455.0,457.0,11398,-1.51,5228201.6
CHCL,2023-11-06,455.0,467.0,455.0,464.0,12958,1.53,5992067.9
CHCL,2023-11-07,464.0,470.0,461.2,465.0,11418,0.22,5304725.9
CHCL,2023-11-08,465.0,468.0,461.5,465.0,5402,0.0,2503976.8
CHCL,2023-11-09,460.5,469.0,460.3,466.0,11637,0.22,5405472.7
CHCL,2023-11-20,470.0,475.0,466.1,470.0,16499,0.86,7781320.9
CHCL,2023-11-21,479.4,479.4,462.1,469.8,9891,-0.04,4610813.6
CHCL,2023-11-22,462.0,473.0,461.1,470.2,9481,0.09,4448807.7
CHCL,2023-11-23,470.2,483.0,466.0,476.4,15112,1.32,7209661.6
CHCL,2023-11-26,485.0,490.0,479.0,489.9,17654,2.83,8580305.3
CHCL,2023-11-27,499.0,499.0,480.0,480.3,10444,-1.96,5083988.4
CHCL,2023-11-28,473.5,484.9,473.5,481.0,6772,0.15,3244488.0
CHCL,2023-11-29,488.0,488.0,475.9,476.5,8678,-0.94,4175235.8
CHCL,2023-11-30,467.0,482.0,467.0,478.1,6689,0.34,3198013.3
CHCL,2023-12-03,475.0,478.0,475.0,477.0,11884,-0.23,5650407.5
CHCL,2023-12-04,474.0,477.0,470.0,473.2,13263,-0.8,6269723.6
CHCL,2023-12-05,477.0,480.0,465.0,480.0,15972,1.44,7541611.9
CHCL,2023-12-06,480.0,489.6,471.0,472.3,6098,-1.6,2891106.2
CHCL,2023-12-07,472.3,482.0,467.0,479.0,30587,1.42,14550340.2
CHCL,2023-12-10,488.5,526.0,488.5,526.0,8159,9.81,4229340.0
CHCL,2023-12-11,536.0,536.0,505.1,515.0,102458,-2.09,53030907.0
CHCL,2023-12-12,516.0,540.0,516.0,536.0,125905,4.08,66887802.9
CHCL,2023-12-13,536.0,544.0,528.0,531.9,54870,-0.76,29368542.4
CHCL,2023-12-14,531.0,544.0,522.1,535.0,47404,0.58,25283335.0
CHCL,2023-12-17,524.3,566.0,524.3,562.3,97214,5.1,53634588.0
CHCL,2023-12-18,570.0,580.0,553.3,560.0,138093,-0.41,77813906.3
CHCL,2023-12-19,562.0,571.2,553.0,558.0,86246,-0.36,48144151.2
CHCL,2023-12-20,569.0,580.0,555.8,567.0,136576,1.61,77606323.3
CHCL,2023-12-21,568.0,577.0,562.0,571.8,199493,0.85,113425561.2
CHCL,2023-12-24,530.2,530.2,510.0,513.0,57113,-1.31,29566431.1
CHCL,2023-12-27,503.0,533.0,499.7,503.0,56394,-1.95,28479016.9
CHCL,2023-12-28,500.2,501.0,495.0,499.6,46986,-0.68,23357583.0
CHCL,2024-01-01,493.0,502.5,486.0,486.0,57023,-2.72,28078865.1
CHCL,2024-01-02,483.0,489.0,478.2,483.3,34724,-0.56,16760284.9
CHCL,2024-01-03,484.0,492.0,475.2,484.0,36358,0.14,17451258.0
CHCL,2024-01-04,493.0,508.0,487.0,499.0,67904,3.1,33979972.0
CHCL,2024-01-07,508.9,510.0,497.1,500.0,52463,0.2,26361101.8
CHCL,2024-01-08,505.0,506.2,496.1,502.0,53954,0.4,27055083.2
CHCL,2024-01-09,508.0,515.0,502.2,506.0,80798,0.8,41075328.3
CHCL,2024-01-10,496.1,516.0,496.1,504.0,35552,-0.4,18051140.1
CHCL,2024-01-11,494.0,505.5,494.0,499.0,25301,-0.99,12691128.5
CHCL,2024-01-14,508.9,520.0,501.0,519.0,57116,4.01,29347251.2
CHCL,2024-01-16,525.0,529.9,516.1,525.0,54668,1.16,28620897.4
CHCL,2024-01-17,526.1,529.9,509.9,513.8,74796,-2.13,38870413.4
CHCL,2024-01-18,510.0,516.0,503.7,508.5,54657,-1.03,27819821.2
CHCL,2024-01-21,508.0,517.0,503.9,512.0,70284,0.69,35892461.7
CHCL,2024-01-22,504.1,509.0,501.9,503.0,24339,-1.76,12277853.6
CHCL,2024-01-23,504.0,504.0,497.5,498.0,31777,-0.99,15864299.4
CHCL,2024-01-24,507.9,507.9,496.0,496.9,19991,-0.22,9965594.5
CHCL,2024-01-25,496.0,497.0,490.0,491.0,47480,-1.19,23436846.9
CHCL,2024-01-28,490.0,495.0,488.0,494.0,19305,0.61,9477453.1
CHCL,2024-01-29,495.0,500.0,490.0,493.9,27902,-0.02,13762250.1
CHCL,2024-01-30,500.1,501.8,492.0,498.0,26107,0.83,13008841.8
CHCL,2024-01-31,498.0,508.0,491.0,493.6,24402,-0.88,12112099.7
CHCL,2024-02-01,494.0,494.0,488.1,491.0,15458,-0.53,7577117.3
CHCL,2024-02-04,485.1,491.0,483.0,487.1,19956,-0.79,9734562.8
CHCL,2024-02-05,487.0,492.0,487.0,488.5,11434,0.29,5585226.7
CHCL,2024-02-06,497.0,497.0,488.0,490.0,10154,0.31,4975712.3
CHCL,2024-02-07,495.0,497.0,490.2,493.0,18461,0.61,9103312.7
CHCL,2024-02-08,488.0,495.9,488.0,494.0,11171,0.2,5504919.8
CHCL,2024-02-11,502.9,502.9,490.0,494.9,17192,0.18,8483385.8
CHCL,2024-02-12,494.0,495.0,489.8,494.5,31662,-0.08,15552667.3
CHCL,2024-02-13,494.0,494.0,484.0,487.9,28554,-1.33,13871613.5
CHCL,2024-02-14,481.0,492.6,480.0,485.5,15012,-0.49,7265545.3
CHCL,2024-02-15,480.7,490.0,480.0,480.8,15815,-0.97,7625058.3
CHCL,2024-02-18,477.0,480.0,474.0,474.0,23673,-1.41,11262502.5
CHCL,2024-02-20,468.0,476.0,467.8,471.0,20281,-0.63,9565293.5
CHCL,2024-02-21,474.0,475.0,466.4,469.0,17569,-0.42,8245324.5
CHCL,2024-02-22,468.0,472.0,466.0,470.0,31876,0.21,14940607.8
CHCL,2024-02-25,478.3,478.3,461.2,462.0,38625,-1.7,17942132.9
CHCL,2024-02-26,462.0,468.2,455.0,461.0,16063,-0.22,7420146.1
CHCL,2024-02-27,466.5,467.0,455.0,463.0,38654,0.43,17728079.1
CHCL,2024-02-28,464.0,469.9,460.0,462.0,11853,-0.22,5487447.4
CHCL,2024-02-29,460.0,463.0,455.0,458.0,17115,-0.87,7827814.5
CHCL,2024-03-03,454.5,460.0,452.1,455.6,22676,-0.52,10299469.1
CHCL,2024-03-04,464.7,491.6,464.7,491.6,419,7.9,200935.8
CHCL,2024-03-05,485.0,490.0,462.1,465.0,33109,-5.41,15583897.6
CHCL,2024-03-06,464.0,476.0,458.0,469.0,46340,0.86,21561485.8
CHCL,2024-03-07,472.4,478.3,461.0,471.0,16560,0.43,7826652.4
CHCL,2024-03-10,472.0,482.0,472.0,475.0,22647,0.85,10782126.9
CHCL,2024-03-12,480.9,482.0,470.0,481.0,46130,1.26,21936830.4
CHCL,2024-03-13,477.1,486.5,473.0,475.0,30843,-1.25,14698993.6
CHCL,2024-03-14,471.0,479.4,469.0,475.0,17615,0.0,8306600.3
CHCL,2024-03-17,467.0,476.0,467.0,469.9,19270,-1.07,9070779.3
CHCL,2024-03-18,465.0,470.0,464.2,469.0,18822,-0.19,8776782.6
CHCL,2024-03-19,464.1,474.0,464.1,467.0,14278,-0.43,6690617.5
CHCL,2024-03-20,462.0,474.8,461.3,467.0,28661,0.0,13356994.7
CHCL,2024-03-21,472.0,472.0,462.0,466.0,9087,-0.21,4218555.3
CHCL,2024-03-25,467.0,468.0,457.0,460.2,16306,-1.24,7504823.2
CHCL,2024-03-26,458.0,464.0,458.0,460.0,15071,-0.04,6930203.0
CHCL,2024-03-27,460.0,462.0,458.0,458.6,18235,-0.3,8378069.0
CHCL,2024-03-28,457.3,463.0,456.5,462.0,24217,0.74,11125868.2
CHCL,2024-03-31,464.0,469.0,456.0,458.0,33420,-0.87,15297608.7
CHCL,2024-04-01,458.0,462.0,454.2,457.5,29077,-0.11,13245452.3
CHCL,2024-04-02,458.0,458.0,452.6,452.7,26171,-1.05,11866867.9
CHCL,2024-04-03,453.5,457.9,449.3,450.2,28424,-0.55,12822859.4
CHCL,2024-04-04,450.0,452.0,449.0,449.1,23378,-0.24,10516788.2
CHCL,2024-04-07,446.0,453.0,446.0,453.0,30103,0.87,13528720.4
CHCL,2024-04-09,461.9,461.9,450.0,456.0,32513,0.66,14699148.8
CHCL,2024-04-10,460.0,460.0,452.0,454.0,15768,-0.44,7156523.0
CHCL,2024-04-14,455.0,460.0,450.0,454.5,44702,0.11,20228857.6
CHCL,2024-04-15,460.0,460.0,446.8,450.3,33599,-0.92,15076605.8
CHCL,2024-04-16,446.0,450.3,442.0,442.0,23780,-1.84,10606518.1
CHCL,2024-04-18,438.2,449.9,438.2,445.0,14654,0.68,6501997.5
CHCL,2024-04-21,447.0,447.0,438.2,440.0,23034,-1.12,10140475.9
CHCL,2024-04-22,440.5,444.0,438.0,438.0,24120,-0.45,10610728.7
CHCL,2024-04-24,438.1,444.0,438.1,438.8,11955,0.18,5256371.8
CHCL,2024-04-25,439.1,443.9,430.0,440.0,47743,0.27,20743307.9
CHCL,2024-04-28,437.5,444.8,434.0,435.3,57951,-1.07,25375051.0
CHCL,2024-04-29,430.5,446.9,430.5,437.0,18859,0.39,8234848.1
CHCL,2024-04-30,444.9,445.5,437.0,442.0,14587,1.14,6439643.9
CHCL,2024-05-02,450.8,450.8,435.0,435.0,25307,-1.58,11084503.8
CHCL,2024-05-05,431.0,440.0,429.0,430.1,32100,-1.13,13884995.7
CHCL,2024-05-06,435.0,435.0,427.5,429.0,22400,-0.26,9668171.5
CHCL,2024-05-07,437.0,437.0,426.5,428.5,6978,-0.12,2986599.3
CHCL,2024-05-08,430.0,431.0,428.0,430.0,10297,0.35,4418612.9
CHCL,2024-05-09,438.0,447.0,430.0,435.0,22757,1.16,9868926.0
CHCL,2024-05-12,435.0,435.0,426.3,432.0,14998,-0.69,6465964.6
CHCL,2024-05-13,439.0,439.0,429.1,431.2,27240,-0.19,11735651.7
CHCL,2024-05-14,439.0,448.0,431.0,440.0,41028,2.04,17995183.4
CHCL,2024-05-15,441.0,446.0,434.3,434.3,30430,-1.3,13392851.4
CHCL,2024-05-16,442.9,442.9,434.1,437.0,9342,0.62,4079688.2
CHCL,2024-05-19,437.0,453.0,437.0,448.9,66751,2.72,29881705.0
CHCL,2024-05-20,450.0,456.0,447.8,448.1,49360,-0.18,22273978.7
CHCL,2024-05-21,457.0,457.0,449.0,451.0,31308,0.65,14134980.5
CHCL,2024-05-22,451.0,458.0,445.0,453.9,20627,0.64,9361450.5
CHCL,2024-05-26,450.1,458.0,448.0,449.0,19335,-1.08,8718788.9
CHCL,2024-05-27,450.0,455.0,449.1,453.0,24376,0.89,11011761.0
CHCL,2024-05-29,462.0,462.0,447.2,448.1,26580,-1.08,11996236.8
CHCL,2024-05-30,444.0,450.0,443.0,444.0,23225,-0.91,10354233.0
CHCL,2024-06-02,444.0,449.9,444.0,446.0,11980,0.45,5332990.7
CHCL,2024-06-03,453.9,453.9,443.2,444.0,8271,-0.45,3677618.6
CHCL,2024-06-04,442.0,444.0,437.2,437.2,50349,-1.53,22139352.1
CHCL,2024-06-05,440.0,440.0,429.9,434.0,60548,-0.73,26150289.8
CHCL,2024-06-06,434.0,439.0,432.0,432.5,8881,-0.35,3848943.7
CHCL,2024-06-09,441.1,441.1,432.6,434.9,17846,0.55,7735569.2
CHCL,2024-06-10,443.5,443.5,429.6,434.5,41446,-0.09,17939497.2
CHCL,2024-06-11,443.1,443.1,430.0,441.0,23520,1.5,10314600.4
CHCL,2024-06-12,441.0,445.7,438.0,440.0,12853,-0.23,5684364.5
CHCL,2024-06-13,446.0,446.0,434.2,441.0,32329,0.23,14201615.6
CHCL,2024-06-16,442.0,442.9,437.1,440.0,32651,-0.23,14382019.6
CHCL,2024-06-18,439.9,442.0,436.0,436.0,34690,-0.91,15237306.8
CHCL,2024-06-19,442.0,442.0,434.1,435.1,13264,-0.21,5776416.0
CHCL,2024-06-20,443.8,443.8,431.0,433.5,9149,-0.37,3978247.2
CHCL,2024-06-23,432.0,440.6,431.1,436.0,40911,0.58,17790508.4
CHCL,2024-06-24,437.0,439.9,432.1,435.0,19900,-0.23,8652143.1
CHCL,2024-06-25,430.1,441.5,430.1,441.0,30001,1.38,13158025.0
CHCL,2024-06-26,436.0,439.0,434.5,435.0,16588,-1.36,7230670.9
CHCL,2024-06-27,432.0,435.0,431.1,433.0,12682,-0.46,5482951.8
CHCL,2024-06-30,432.0,433.0,429.4,431.1,25109,-0.44,10818829.8
CHCL,2024-07-01,428.0,435.0,427.0,431.0,16699,-0.02,7201624.0
CHCL,2024-07-02,439.6,457.2,436.0,439.0,26519,1.86,11694862.3
CHCL,2024-07-03,433.0,439.0,433.0,437.9,16704,-0.25,7293680.7
CHCL,2024-07-04,435.0,442.8,435.0,440.0,18812,0.48,8266382.1
CHCL,2024-07-07,440.0,444.9,438.0,441.3,30476,0.3,13449526.6
CHCL,2024-07-08,445.0,446.0,438.0,438.0,22735,-0.75,10005228.8
CHCL,2024-07-09,438.1,443.0,436.3,442.0,26043,0.91,11442917.5
CHCL,2024-07-10,443.6,452.0,441.2,444.0,28000,0.45,12496488.8
CHCL,2024-07-11,450.0,450.0,442.0,444.0,33155,0.0,14736255.5
CHCL,2024-07-14,450.0,459.0,449.0,457.9,50873,3.13,23058646.1
CHCL,2024-07-15,460.0,465.0,455.1,465.0,65737,1.55,30222602.7
CHCL,2024-07-16,456.3,503.0,456.2,498.0,173642,7.1,83932213.8
CHCL,2024-07-17,500.0,535.0,500.0,535.0,305266,7.43,158768408.0
CHCL,2024-07-18,543.0,545.7,525.1,543.0,216296,1.5,115715862.4
CHCL,2024-07-21,543.0,555.0,527.4,544.0,251633,0.18,137381069.8
CHCL,2024-07-22,545.0,552.8,527.2,544.9,288414,0.17,155623906.4
CHCL,2024-07-23,551.2,561.0,535.0,556.0,287235,2.04,157943314.7
CHCL,2024-07-24,567.1,567.1,543.0,547.0,228960,-1.62,125717223.3
CHCL,2024-07-25,540.0,559.0,540.0,559.0,179481,2.19,98936436.5
CHCL,2024-07-28,570.0,580.0,546.2,580.0,294405,3.76,166048599.5
CHCL,2024-07-29,568.5,617.3,568.5,595.4,502486,2.66,302700048.3
CHCL,2024-07-30,600.0,624.0,592.1,624.0,458052,4.8,277623642.3
CHCL,2024-07-31,624.0,641.0,620.0,637.0,393176,2.08,248081832.9
CHCL,2024-08-01,638.0,645.6,623.1,625.0,259707,-1.88,164221195.5
CHCL,2024-08-05,625.0,642.0,618.7,627.0,338418,0.32,213672925.3
CHCL,2024-08-06,630.0,635.0,590.0,594.0,347751,-5.26,213168956.6
CHCL,2024-08-07,582.2,653.0,582.2,652.0,556516,9.76,350013558.5
CHCL,2024-08-08,665.0,697.0,660.0,673.0,441334,3.22,297834045.5
CHCL,2024-08-11,673.0,685.0,667.0,678.6,418051,0.83,282489073.2
CHCL,2024-08-12,678.6,690.0,668.4,677.0,501315,-0.24,340543033.1
CHCL,2024-08-13,685.0,686.0,660.1,662.0,311116,-2.22,208014291.2
CHCL,2024-08-14,663.3,687.0,654.1,673.0,216691,1.66,144864062.0
CHCL,2024-08-15,673.0,688.0,662.5,662.7,260274,-1.53,175822920.0
CHCL,2024-08-18,668.0,670.0,639.0,639.0,226349,-3.58,147773833.3
CHCL,2024-08-21,651.7,652.0,633.3,639.0,234385,0.0,150414735.3
CHCL,2024-08-22,643.9,646.5,633.1,635.1,171438,-0.61,109435984.8
CHCL,2024-08-25,647.0,647.0,615.2,620.9,199604,-2.24,123932520.5
CHCL,2024-08-27,621.0,621.0,593.0,600.0,241831,-3.37,145554800.6
CHCL,2024-08-28,602.2,620.0,585.0,588.1,146018,-1.98,87523235.7
CHCL,2024-08-29,598.9,598.9,572.0,578.0,156721,-1.72,90962916.4
CHCL,2024-09-01,567.0,589.5,567.0,572.0,105872,-1.04,61023905.5
CHCL,2024-09-02,561.0,599.0,561.0,597.0,169456,4.37,98572164.1
CHCL,2024-09-03,600.0,608.0,581.0,595.0,92028,-0.34,54538281.9
CHCL,2024-09-04,606.9,606.9,570.4,572.5,222584,-3.78,128914166.0
CHCL,2024-09-05,572.0,579.9,566.0,568.1,79248,-0.77,45228422.3
CHCL,2024-09-08,579.0,579.0,560.0,560.5,60051,-1.34,34168751.5
CHCL,2024-09-09,561.0,564.1,544.0,545.1,78302,-2.75,43245026.9
CHCL,2024-09-10,555.0,566.0,539.6,546.0,56725,0.17,31104252.8
CHCL,2024-09-11,545.1,562.0,545.0,552.3,52106,1.15,28860863.4
CHCL,2024-09-12,551.4,565.0,551.0,565.0,48654,2.3,27121932.8
CHCL,2024-09-15,565.0,576.0,548.0,554.0,64919,-1.95,36273738.7
CHCL,2024-09-16,549.0,554.0,540.0,540.0,70829,-2.53,38489287.4
CHCL,2024-09-18,536.0,547.0,533.1,539.1,31194,-0.17,16823895.0
CHCL,2024-09-22,539.0,561.0,539.0,552.8,54534,2.54,30037126.2
CHCL,2024-09-23,563.8,563.8,542.0,543.0,55521,-1.77,30174053.0
CHCL,2024-09-24,540.1,550.0,536.1,538.0,61115,-0.92,33073116.5
CHCL,2024-09-25,538.0,551.6,536.0,551.6,54261,2.53,29643088.4
CHCL,2024-09-26,553.0,559.0,544.0,544.0,31843,-1.38,17494996.1
CHCL,2024-09-29,540.0,545.1,534.6,544.0,37502,0.0,20264484.5
CHCL,2024-09-30,542.0,554.0,540.0,550.0,29320,1.1,16044851.6
CHCL,2024-10-01,551.0,575.0,550.1,574.0,92471,4.36,52076813.6
CHCL,2024-10-02,575.1,580.0,555.1,564.2,36050,-1.71,20412320.7
CHCL,2024-10-06,575.4,579.0,557.7,577.0,42421,2.27,24090924.9
CHCL,2024-10-07,578.0,601.8,578.0,583.7,85880,1.16,50725407.9
CHCL,2024-10-08,595.0,595.0,576.0,579.0,132639,-0.81,78114945.7
CHCL,2024-10-09,579.0,588.0,578.0,587.0,15559,1.38,9088800.4
CHCL,2024-10-15,590.0,590.0,584.0,584.0,12312,-0.51,7208908.4
CHCL,2024-10-16,595.6,599.0,585.3,598.7,156885,2.52,93325474.7
CHCL,2024-10-17,595.0,601.8,589.0,595.0,53912,-0.62,32153799.9
CHCL,2024-10-20,583.1,590.0,571.5,579.0,45353,-2.69,26425440.2
CHCL,2024-10-21,568.6,577.0,566.5,572.0,45218,-1.21,25709785.0
CHCL,2024-10-22,572.0,577.0,560.0,577.0,30932,0.87,17581113.4
CHCL,2024-10-23,570.0,582.4,563.5,568.9,33394,-1.4,19014211.7
CHCL,2024-10-24,563.0,572.0,561.1,563.0,30731,-1.04,17327874.0
CHCL,2024-10-27,560.3,570.0,560.2,563.3,14772,0.05,8338795.9
CHCL,2024-10-28,563.0,572.5,563.0,572.0,22543,1.54,12848334.4
CHCL,2024-10-29,578.9,585.0,572.2,583.0,52181,1.92,30330010.4
CHCL,2024-10-30,592.0,592.0,580.3,585.0,29479,0.34,17209401.8
CHCL,2024-11-05,592.0,602.0,588.1,591.7,89818,1.15,53362095.1
CHCL,2024-11-06,592.0,599.4,584.6,589.8,37928,-0.32,22338989.8
CHCL,2024-11-10,585.1,608.0,585.1,602.0,99027,2.07,59414406.9
CHCL,2024-11-11,610.0,610.0,597.0,600.0,69721,-0.33,42011098.0
CHCL,2024-11-12,605.0,605.0,592.2,592.2,61989,-1.3,37050039.0
CHCL,2024-11-13,604.0,604.0,585.0,585.0,31884,-1.22,18807275.1
CHCL,2024-11-14,596.7,596.7,581.2,593.0,57609,1.37,33923162.4
CHCL,2024-11-17,597.2,605.0,595.0,595.0,72076,0.34,43232569.8
CHCL,2024-11-19,595.0,597.0,578.0,580.0,61712,-2.52,35993329.4
CHCL,2024-11-20,576.0,585.5,574.3,580.0,25515,0.0,14776312.0
CHCL,2024-11-21,580.0,580.9,574.0,579.0,37350,-0.17,21528270.5
CHCL,2024-11-24,589.0,610.0,583.0,592.0,177740,2.25,106574155.4
CHCL,2024-11-25,598.9,598.9,585.0,592.0,55269,0.0,32652124.5
CHCL,2024-11-26,603.8,603.8,580.0,588.0,54793,-0.68,32116927.0
CHCL,2024-11-27,587.1,598.0,587.0,594.0,54881,1.02,32506233.5
CHCL,2024-11-28,600.0,600.0,586.5,592.9,29979,-0.19,17710231.9
CHCL,2024-12-01,583.0,589.7,576.0,580.5,53163,-2.09,30946190.9
CHCL,2024-12-02,580.1,588.1,579.0,582.5,43916,0.34,25598358.3
CHCL,2024-12-03,587.2,587.2,579.0,581.0,34878,-0.26,20238247.0
CHCL,2024-12-04,571.1,586.5,571.1,583.9,35473,0.5,20594236.7
CHCL,2024-12-05,578.0,582.0,572.0,572.6,36194,-1.94,20824569.9
CHCL,2024-12-08,572.0,576.3,561.4,565.2,51782,-1.29,29429847.4
CHCL,2024-12-09,560.0,573.0,560.0,565.0,21212,-0.04,12011787.1
CHCL,2024-12-10,556.0,570.0,556.0,560.5,17151,-0.8,9689765.1
CHCL,2024-12-11,561.2,574.4,561.2,570.0,29983,1.69,17023819.1
CHCL,2024-12-12,570.0,577.0,555.0,560.0,40706,-1.75,22953239.5
CHCL,2024-12-16,550.2,560.0,550.2,557.0,32071,-0.54,17862388.1
CHCL,2024-12-17,568.0,572.0,563.1,563.5,65659,1.17,37126381.8
CHCL,2024-12-18,569.0,569.0,563.1,566.0,27727,0.44,15714947.0
CHCL,2024-12-19,567.1,567.9,557.5,563.9,36473,-0.37,20452290.5
CHCL,2024-12-22,558.0,567.8,558.0,563.9,24520,0.0,13795719.0
CHCL,2024-12-23,563.1,568.0,560.0,564.0,22800,0.02,12843519.6
CHCL,2024-12-24,564.0,575.0,564.0,569.0,27483,0.89,15704569.0
CHCL,2024-12-26,557.7,580.0,557.7,570.0,33709,0.18,19173013.4
CHCL,2024-12-29,570.0,575.0,566.0,570.0,91066,0.0,51935385.5
CHCL,2024-12-31,517.0,520.0,498.0,504.8,64875,-2.58,32519210.0
CHCL,2025-01-01,500.0,508.9,500.0,508.5,18272,0.73,9234125.9
CHCL,2025-01-02,509.0,514.7,509.0,510.3,18067,0.35,9251702.9
CHCL,2025-01-05,519.8,519.8,502.7,509.0,27092,-0.25,13731051.4
CHCL,2025-01-06,501.0,515.3,501.0,515.3,37855,1.24,19374081.0
CHCL,2025-01-07,525.6,525.6,507.0,512.0,29705,-0.64,15177235.6
CHCL,2025-01-08,522.2,522.2,509.0,511.0,22756,-0.2,11647180.2
CHCL,2025-01-09,511.0,517.0,509.2,510.5,119900,-0.1,61182991.5
CHCL,2025-01-12,520.7,520.7,500.2,504.0,17006,-1.27,8586189.9
CHCL,2025-01-13,500.0,513.1,500.0,501.4,124943,-0.52,63861207.1
CHCL,2025-01-15,511.4,512.0,500.0,500.4,14058,-0.2,7064739.9
CHCL,2025-01-16,500.4,509.7,497.1,498.6,17960,-0.36,9015503.6
CHCL,2025-01-19,501.0,507.0,496.0,500.1,28946,0.3,14525770.3
CHCL,2025-01-20,509.9,509.9,499.0,501.0,60133,0.18,30078325.1
CHCL,2025-01-21,498.0,501.0,498.0,500.0,31036,-0.2,15522052.2
CHCL,2025-01-22,500.0,514.9,499.0,514.9,71874,2.98,36352247.1
CHCL,2025-01-23,520.0,520.0,505.1,519.0,38557,0.8,19717041.0
CHCL,2025-01-26,510.0,516.8,502.2,510.9,19977,-1.56,10244313.5
CHCL,2025-01-27,511.0,511.0,503.3,508.4,26490,-0.49,13399285.1
CHCL,2025-01-28,505.0,510.2,498.0,505.0,58366,-0.67,29370376.6
CHCL,2025-02-02,507.0,520.5,507.0,518.0,88364,2.57,45373090.6
CHCL,2025-02-03,511.0,541.6,511.0,526.5,160753,1.64,85521170.4
CHCL,2025-02-04,527.0,533.0,523.0,524.0,78784,-0.47,41511465.9
CHCL,2025-02-05,527.6,527.6,520.0,520.4,59283,-0.69,31033842.3
CHCL,2025-02-06,526.5,543.0,518.0,535.0,156443,2.81,83275436.9
CHCL,2025-02-09,535.1,536.0,523.0,524.1,62587,-2.04,33159205.4
CHCL,2025-02-10,531.0,531.0,517.5,524.9,48931,0.15,25590475.1
CHCL,2025-02-11,516.5,529.0,515.1,525.0,44446,0.02,23280349.3
CHCL,2025-02-12,515.6,531.9,515.6,529.0,59327,0.76,31407334.7
CHCL,2025-02-13,520.1,540.6,520.0,534.0,103270,0.95,55041697.6
CHCL,2025-02-16,528.3,534.0,527.0,533.0,33847,-0.19,17979540.2
CHCL,2025-02-17,535.0,535.0,525.0,526.0,30226,-1.31,16012876.5
CHCL,2025-02-18,530.2,530.2,520.0,522.0,37625,-0.76,19748161.3
CHCL,2025-02-20,520.1,524.0,511.6,518.0,37492,-0.77,19353206.2
CHCL,2025-02-23,516.0,520.0,508.0,516.9,43214,-0.21,22258748.8
CHCL,2025-02-24,513.1,525.3,511.0,524.0,51064,1.37,26497812.9
CHCL,2025-02-25,517.0,530.0,510.6,524.8,100372,0.15,51892435.2
CHCL,2025-02-27,528.4,540.0,515.0,540.0,73973,2.9,39237016.6
CHCL,2025-03-02,540.0,551.0,536.0,550.7,125379,1.98,68684198.9
CHCL,2025-03-03,556.2,558.3,537.0,539.0,91865,-2.12,49966390.2
CHCL,2025-03-04,540.0,541.0,530.0,533.0,57440,-1.11,30785549.4
CHCL,2025-03-05,533.0,533.0,521.0,522.8,47580,-1.91,24924370.4
CHCL,2025-03-06,525.5,529.7,518.0,529.6,43314,1.3,22659791.7
CHCL,2025-03-09,530.0,533.4,520.0,525.0,68805,-0.87,36392707.8
CHCL,2025-03-10,532.0,534.0,515.1,516.3,23864,-1.66,12463393.7
CHCL,2025-03-11,517.0,525.6,512.0,513.0,43104,-0.64,22376521.6
CHCL,2025-03-12,507.1,515.5,507.1,510.0,29039,-0.58,14853732.5
CHCL,2025-03-16,511.0,512.0,504.0,505.1,29650,-0.96,15020292.1
CHCL,2025-03-17,506.0,510.0,500.0,503.9,25453,-0.24,12824806.4
CHCL,2025-03-18,504.2,507.0,495.0,502.3,53148,-0.32,26631111.4
CHCL,2025-03-19,501.0,503.7,495.0,498.8,28874,-0.7,14392380.3
CHCL,2025-03-20,499.0,499.0,490.1,491.23,31034,-1.52,15319492.2
CHCL,2025-03-23,496.0,496.0,482.0,483.35,43867,-1.6,21329286.7
CHCL,2025-03-24,485.3,496.3,478.6,489.75,46495,1.32,22591590.7
CHCL,2025-03-25,485.0,485.0,476.0,476.91,53572,-2.62,25705588.1
CHCL,2025-03-26,482.0,483.0,476.5,478.53,33332,0.34,15983913.0
CHCL,2025-03-27,478.0,498.0,477.3,488.59,45311,2.1,21816264.7
CHCL,2025-03-30,485.0,498.3,480.0,490.31,68326,0.35,33491371.2
CHCL,2025-04-01,490.0,491.0,481.0,483.04,39625,-1.48,19183954.5
CHCL,2025-04-02,480.3,487.0,480.0,481.34,31846,-0.35,15387883.7
CHCL,2025-04-03,481.5,486.6,480.2,481.48,27770,0.03,13448336.3
CHCL,2025-04-07,481.0,483.0,476.9,477.23,108920,-0.88,52257925.9
CHCL,2025-04-08,478.0,478.1,472.5,473.33,35484,-0.82,16824433.0
CHCL,2025-04-09,482.0,482.0,473.0,475.25,44671,0.41,21297405.5
CHCL,2025-04-10,474.0,479.8,470.0,473.93,50652,-0.28,23945185.1
CHCL,2025-04-13,480.0,480.0,473.0,475.08,24766,0.24,11776071.6
CHCL,2025-04-15,475.0,487.7,471.0,484.11,42529,1.9,20525032.6
CHCL,2025-04-16,485.1,485.5,474.5,483.45,72379,-0.14,34683107.4
CHCL,2025-04-17,483.0,498.0,483.0,489.25,74572,1.2,36592208.1
CHCL,2025-04-20,488.0,512.0,487.0,495.02,127350,1.18,63645436.0
CHCL,2025-04-21,504.9,504.9,494.0,496.72,71234,0.34,35494212.6
CHCL,2025-04-22,499.8,499.8,486.1,487.77,49812,-1.8,24462460.0
CHCL,2025-04-23,486.0,492.0,474.1,475.11,145368,-2.6,69219887.5
CHCL,2025-04-24,476.0,480.0,469.7,477.07,54611,0.41,25834951.6
CHCL,2025-04-27,480.1,498.6,476.3,489.72,101346,2.65,49336282.2
CHCL,2025-04-28,491.0,497.0,481.0,482.39,86774,-1.5,42402908.4
CHCL,2025-04-29,472.8,497.0,472.8,478.52,65150,-0.8,31351780.7
CHCL,2025-04-30,485.0,494.0,480.3,486.06,73955,1.58,36062854.6
CHCL,2025-05-04,493.0,502.0,486.2,492.91,99801,1.41,49547610.9
CHCL,2025-05-05,500.0,500.0,485.0,486.7,54997,-1.26,26911552.9
CHCL,2025-05-06,494.0,500.0,487.9,493.61,78515,1.42,38851637.4
CHCL,2025-05-07,500.0,528.0,495.0,522.04,340772,5.76,176904030.8
CHCL,2025-05-08,519.0,522.9,508.0,514.79,122810,-1.39,63191768.2
CHCL,2025-05-11,515.0,520.0,497.9,498.37,122186,-3.19,61660943.1
CHCL,2025-05-13,489.0,505.0,489.0,490.31,78239,-1.62,38480240.3
CHCL,2025-05-14,490.0,495.5,480.6,482.02,57583,-1.69,28022429.9
CHCL,2025-05-15,473.0,488.0,473.0,482.65,51395,0.13,24770027.9
CHCL,2025-05-18,485.0,488.8,477.3,479.23,50384,-0.71,24223915.0
CHCL,2025-05-19,488.0,491.9,480.0,482.12,28533,0.6,13792202.6
CHCL,2025-05-20,489.0,496.0,480.0,494.81,44746,2.63,21916331.6
CHCL,2025-05-21,503.0,513.8,487.1,490.0,90756,-0.97,45013501.5
CHCL,2025-05-22,490.0,494.1,482.0,486.11,29675,-0.79,14490949.2
CHCL,2025-05-25,489.9,493.0,483.0,488.64,33539,0.52,16340264.0
CHCL,2025-05-26,498.4,500.0,486.1,487.26,39153,-0.28,19189681.2
CHCL,2025-05-27,489.9,492.9,485.0,487.12,24937,-0.03,12197920.6
CHCL,2025-05-28,483.0,505.0,483.0,495.14,68368,1.65,33898012.5
CHCL,2025-06-02,501.5,501.5,488.0,488.51,43138,-1.34,21257531.3
CHCL,2025-06-03,490.0,496.9,484.8,488.37,57331,-0.03,28040961.5
CHCL,2025-06-04,485.0,490.0,481.4,483.25,38271,-1.05,18536105.9
CHCL,2025-06-05,489.9,493.6,479.0,486.77,41081,0.73,20010813.7
CHCL,2025-06-08,496.5,529.9,487.0,525.75,506439,8.01,262219785.9
CHCL,2025-06-09,530.0,554.3,522.1,551.66,573296,4.93,312158537.0
CHCL,2025-06-10,562.0,570.0,550.1,555.85,494798,0.76,278485999.6
CHCL,2025-06-11,566.0,585.9,545.2,581.12,839501,4.55,475234308.7
CHCL,2025-06-12,582.0,589.0,564.2,567.37,531596,-2.37,306559334.1
CHCL,2025-06-15,578.0,584.9,568.0,581.76,726667,2.54,419478440.4
CHCL,2025-06-16,575.0,599.6,572.0,574.95,714487,-1.17,419724005.1
CHCL,2025-06-17,570.0,578.0,563.3,574.13,344830,-0.14,196681373.0
CHCL,2025-06-18,577.0,582.1,571.0,574.9,306230,0.13,176668559.1
CHCL,2025-06-19,563.6,585.0,560.0,564.36,384294,-1.83,221360532.8
CHCL,2025-06-22,570.0,570.0,539.1,540.99,226790,-4.14,124546688.0
CHCL,2025-06-23,541.0,547.9,532.0,542.91,144302,0.35,78268583.7
CHCL,2025-06-24,553.7,555.0,535.0,535.25,197323,-1.41,107255758.4
CHCL,2025-06-25,536.0,550.0,533.0,545.68,202235,1.95,110053654.2
CHCL,2025-06-26,547.0,558.9,541.0,541.78,284064,-0.71,156738541.1
CHCL,2025-06-29,545.0,551.0,538.5,546.67,185970,0.9,101075046.9
CHCL,2025-06-30,542.0,563.0,542.0,544.22,167366,-0.45,92020161.9
CHCL,2025-07-01,550.0,554.9,546.0,548.94,142578,0.87,78418802.0
CHCL,2025-07-02,559.9,559.9,543.1,543.91,165118,-0.92,90347191.6
CHCL,2025-07-03,554.7,554.7,536.0,536.72,222807,-1.32,120568888.8
CHCL,2025-07-06,538.1,542.0,532.0,534.56,147550,-0.4,79347009.7
CHCL,2025-07-07,535.0,535.0,527.1,528.08,101078,-1.21,53703410.4
CHCL,2025-07-08,538.6,538.6,515.2,528.37,120957,0.05,63400251.2
CHCL,2025-07-09,525.0,534.9,525.0,526.85,72841,-0.29,38562995.5
CHCL,2025-07-10,526.0,532.0,520.5,524.22,113946,-0.5,60078227.8
CHCL,2025-07-13,534.7,544.0,520.0,521.61,113645,-0.5,59642397.2
CHCL,2025-07-14,523.0,528.0,519.0,520.0,98968,-0.31,51683948.0
CHCL,2025-07-15,520.0,529.0,518.2,528.09,122790,1.56,64522714.9
CHCL,2025-07-16,530.0,540.0,529.0,533.45,196002,1.01,104603930.7
CHCL,2025-07-17,538.0,550.0,538.0,547.62,181607,2.66,99240283.7
CHCL,2025-07-20,553.8,557.9,543.2,544.03,228991,-0.66,125880363.1
CHCL,2025-07-21,544.0,550.0,540.0,546.26,113277,0.41,61793550.3
CHCL,2025-07-22,554.0,564.0,546.0,558.08,223193,2.16,124411636.2
CHCL,2025-07-23,560.0,565.0,549.0,554.3,137844,-0.68,76580027.6
CHCL,2025-07-24,560.0,584.0,555.0,572.71,335023,3.32,191517362.5
CHCL,2025-07-27,580.0,583.0,557.0,559.11,260859,-2.37,148652465.5
CHCL,2025-07-28,565.0,565.0,545.2,555.69,141313,-0.61,78205209.0
CHCL,2025-07-29,565.9,565.9,553.2,554.55,135350,-0.21,75308060.1
CHCL,2025-07-30,563.9,563.9,544.1,544.93,124042,-1.73,67956550.1
CHCL,2025-07-31,545.0,548.9,535.0,537.2,121812,-1.42,65896188.6
CHCL,2025-08-03,537.0,550.0,535.0,538.36,108426,0.22,58670170.3
CHCL,2025-08-04,540.0,548.3,533.0,539.83,120171,0.27,64764914.3
CHCL,2025-08-05,549.8,549.8,528.3,531.38,75256,-1.57,40231033.6
CHCL,2025-08-06,532.0,538.0,528.6,529.75,80655,-0.31,42840752.4
CHCL,2025-08-07,530.0,540.0,528.5,529.59,64889,-0.03,34413183.6
CHCL,2025-08-11,539.8,539.8,525.2,526.85,49883,-0.52,26428228.7
CHCL,2025-08-12,530.0,530.0,518.3,520.12,81995,-1.28,42839930.1
CHCL,2025-08-13,520.0,527.9,518.0,519.77,62525,-0.07,32624317.5
CHCL,2025-08-14,520.0,525.0,516.5,523.31,53005,0.68,27577032.8
CHCL,2025-08-17,524.1,529.0,515.1,515.83,50050,-1.43,26012447.5
CHCL,2025-08-18,516.0,524.0,516.0,517.23,30589,0.27,15857692.0
CHCL,2025-08-19,517.1,526.9,515.6,516.8,45365,-0.08,23530821.1
CHCL,2025-08-20,520.0,520.0,512.0,513.28,28963,-0.68,14891103.0
CHCL,2025-08-21,511.1,516.7,510.0,511.59,42766,-0.33,21899322.3
CHCL,2025-08-24,510.2,514.0,504.0,505.9,48808,-1.11,24808170.5
CHCL,2025-08-25,514.0,514.0,505.0,506.26,32131,0.07,16284671.3
CHCL,2025-08-26,506.8,511.0,506.0,508.27,12023,0.4,6112093.6
CHCL,2025-08-27,518.4,518.5,509.0,517.78,25894,1.87,13346562.9
CHCL,2025-08-28,519.0,525.0,509.9,510.16,45569,-1.47,23359321.0
CHCL,2025-08-31,510.0,516.9,504.0,506.07,36802,-0.8,18618180.3
CHCL,2025-09-01,516.1,516.1,500.0,508.22,40378,0.42,20353713.5
CHCL,2025-09-02,518.3,518.3,502.0,504.71,29145,-0.69,14720776.0
CHCL,2025-09-03,501.0,507.9,501.0,504.28,33681,-0.09,16965765.1
CHCL,2025-09-04,502.0,511.0,499.0,503.2,49479,-0.21,24864362.7
CHCL,2025-09-07,493.2,503.0,493.2,501.49,35260,-0.34,17644236.4
CHCL,2025-09-08,491.5,505.0,491.5,497.36,27390,-0.82,13646413.8
CHCL,2025-09-18,488.0,490.0,456.0,464.0,10795,-6.71,5092344.4
CHCL,2025-09-21,460.0,500.0,458.1,491.68,85259,5.97,41415285.1
CHCL,2025-09-23,500.0,504.0,490.0,502.2,41659,2.14,20754113.8
CHCL,2025-09-24,505.0,505.0,495.1,496.0,18374,-1.23,9179168.9
CHCL,2025-09-25,487.0,501.0,487.0,497.0,11872,0.2,5919702.4
CHCL,2025-09-28,500.0,505.0,496.0,503.0,18448,1.21,9209494.2
CHCL,2025-10-07,505.0,505.0,490.2,497.3,22538,-1.13,11164682.8
CHCL,2025-10-08,496.0,496.0,484.5,490.0,51264,-1.47,24958909.1
CHCL,2025-10-09,499.8,518.9,495.0,495.9,35740,1.2,17816296.5
CHCL,2025-10-12,498.0,498.0,478.0,482.0,61281,-2.8,29478360.9
CHCL,2025-10-13,491.0,491.0,480.0,486.0,22822,0.83,11064575.5
CHCL,2025-10-14,490.0,494.7,481.0,483.0,22528,-0.62,10878711.7
CHCL,2025-10-15,483.0,488.0,480.0,482.7,24904,-0.06,12036491.6
CHCL,2025-10-16,489.0,489.0,475.3,484.0,29239,0.27,14025079.1
CHCL,2025-10-19,478.0,483.0,478.0,481.0,22812,-0.62,10946528.2
CHCL,2025-10-26,475.5,482.0,471.6,480.1,15304,-0.19,7305580.8
CHCL,2025-10-28,480.0,495.0,475.6,490.0,29571,2.06,14465540.0
CHCL,2025-10-29,491.0,498.2,488.0,489.0,25173,-0.2,12406015.9
CHCL,2025-10-30,482.3,516.9,482.0,504.0,55378,3.07,27475779.9
CHCL,2025-11-02,514.0,514.0,500.0,503.0,37649,-0.2,19002374.2
CHCL,2025-11-03,500.0,509.0,495.0,496.0,31400,-1.39,15698901.4
CHCL,2025-11-04,498.0,500.0,490.1,494.9,20821,-0.22,10282849.3
CHCL,2025-11-05,486.1,495.0,485.4,490.0,25860,-0.99,12639272.5
CHCL,2025-11-06,487.1,495.0,485.0,490.0,25034,0.0,12237121.9
CHCL,2025-11-09,482.0,492.0,481.8,486.6,16590,-0.69,8070120.6
CHCL,2025-11-10,486.6,490.0,480.5,484.9,32092,-0.35,15538114.9
CHCL,2025-11-11,480.2,494.0,480.2,488.0,10301,0.64,5001767.8
CHCL,2025-11-12,488.0,497.7,480.2,490.0,15183,0.41,7393951.1
CHCL,2025-11-13,484.0,490.4,480.5,484.6,41395,-1.1,19979539.5
CHCL,2025-11-16,486.1,487.1,479.3,480.7,56601,-0.8,27322774.8
CHCL,2025-11-17,477.1,487.0,476.0,484.0,24186,0.69,11709386.0
CHCL,2025-11-18,477.0,488.8,477.0,482.5,55715,-0.31,26955807.2
CHCL,2025-11-19,485.0,485.0,480.0,482.8,28461,0.06,13703610.5
CHCL,2025-11-20,480.0,483.9,477.3,483.9,44048,0.23,21140811.1
CHCL,2025-11-23,481.1,491.9,481.0,490.7,33020,1.41,16088730.5
CHCL,2025-11-24,497.2,500.0,488.5,497.0,50059,1.28,24836745.1
CHCL,2025-11-25,496.2,509.0,496.0,501.1,74744,0.82,37477076.7
CHCL,2025-11-26,511.0,511.0,500.1,506.0,54116,0.98,27246995.6
CHCL,2025-11-27,510.0,514.0,499.1,505.5,38981,-0.1,19638061.1
CHCL,2025-11-30,506.0,510.0,495.0,496.0,52529,-1.88,26427215.4
CHCL,2025-12-01,505.9,505.9,494.2,495.9,14967,-0.02,7433157.2
CHCL,2025-12-02,501.0,503.0,493.0,495.1,18527,-0.16,9214660.4
CHCL,2025-12-03,500.0,500.0,490.0,490.0,40363,-1.03,19960853.4
CHCL,2025-12-07,494.9,495.1,488.1,490.0,34580,0.0,16943173.4
CHCL,2025-12-08,499.8,499.8,488.0,491.0,29097,0.2,14255315.7
CHCL,2025-12-09,492.0,495.0,489.5,495.0,25076,0.81,12350952.4
CHCL,2025-12-10,492.0,495.0,490.2,492.2,20239,-0.57,9972874.4
CHCL,2025-12-11,493.0,498.0,491.0,491.2,17034,-0.2,8388308.0
CHCL,2025-12-14,491.2,494.0,488.1,491.5,50370,0.06,24691659.0
CHCL,2025-12-15,489.0,493.0,488.2,490.0,24996,-0.31,12244727.3
CHCL,2025-12-16,493.0,495.0,490.0,495.0,13540,1.02,6668480.3
CHCL,2025-12-17,495.0,500.0,492.7,496.0,13510,0.2,6690218.4
CHCL,2025-12-18,496.0,499.0,490.5,491.5,15634,-0.91,7693868.4
CHCL,2025-12-21,490.0,492.0,488.6,490.9,24182,-0.12,11841775.0
CHCL,2025-12-22,495.0,495.0,488.5,491.0,22456,0.02,11007310.1
CHCL,2025-12-23,499.0,499.0,488.0,494.1,28421,0.63,13982738.9
CHCL,2025-12-24,494.5,503.0,494.0,498.0,66630,0.79,33233262.0
CHCL,2025-12-28,501.0,505.2,499.0,504.9,72382,1.39,36337262.4
CHCL,2025-12-29,506.0,507.7,499.0,501.5,66397,-0.67,33352428.5
CHCL,2025-12-31,505.0,510.0,502.2,506.9,134557,1.08,68041541.3
CHCL,2026-01-01,464.0,478.1,464.0,471.0,40421,0.35,19064169.9
CHCL,2026-01-04,472.0,473.0,469.0,470.5,69102,-0.11,32540467.3
CHCL,2026-01-05,473.9,473.9,468.0,470.2,23284,-0.06,10942964.8
CHCL,2026-01-06,473.0,473.0,469.0,470.9,24897,0.15,11717578.3
CHCL,2026-01-07,473.0,473.0,470.0,471.0,27147,0.02,12788086.8
CHCL,2026-01-08,471.0,473.0,467.0,470.9,51571,-0.02,24246067.8
CHCL,2026-01-12,480.3,480.3,465.1,470.0,41479,-0.19,19403503.5
CHCL,2026-01-13,479.0,479.0,465.0,474.0,40095,0.85,18947345.8
CHCL,2026-01-14,479.0,479.0,470.0,470.0,41135,-0.84,19383522.3
CHCL,2026-01-18,470.0,474.9,470.0,473.0,28576,0.64,13480526.7
CHCL,2026-01-20,478.0,480.0,474.2,475.4,50804,0.51,24193690.3
CHCL,2026-01-21,484.9,484.9,473.0,476.8,37350,0.29,17799797.7
CHCL,2026-01-22,476.8,476.8,473.1,473.1,28659,-0.78,13596067.3
CHCL,2026-01-25,475.0,486.0,475.0,486.0,61423,2.73,29553355.2
CHCL,2026-01-26,486.0,490.0,480.0,483.9,59858,-0.43,28925023.9
CHCL,2026-01-27,480.0,487.0,470.0,470.4,75032,-2.79,35757362.0
CHCL,2026-01-28,479.0,479.0,470.0,474.5,55505,0.87,26266520.3
CHCL,2026-01-29,479.0,482.0,471.1,474.0,58347,-0.11,27804164.9
CHCL,2026-02-01,480.0,480.0,469.5,470.1,42161,-0.82,19878202.2
CHCL,2026-02-02,475.9,475.9,470.0,472.0,28526,0.4,13427311.9
CHCL,2026-02-03,474.0,474.9,468.1,469.0,29136,-0.64,13715916.8
CHCL,2026-02-04,460.0,475.0,460.0,467.0,16641,-0.43,7801675.2
CHCL,2026-02-05,466.1,474.0,466.1,470.0,23969,0.64,11250656.2
CHCL,2026-02-08,470.0,476.0,468.1,470.0,25141,0.0,11854550.9
CHCL,2026-02-09,472.0,474.8,466.0,468.0,27960,-0.43,13076872.2
CHCL,2026-02-10,465.5,471.0,464.0,468.7,36142,0.15,16870899.1
CHCL,2026-02-11,478.0,478.0,466.0,469.9,27179,0.26,12756404.5
CHCL,2026-02-12,474.0,480.0,468.2,477.0,62819,1.51,29858241.5
CHCL,2026-02-16,478.0,482.5,467.5,470.0,37653,-1.47,17752411.4
CHCL,2026-02-17,474.0,474.0,464.0,466.9,41946,-0.66,19556220.6
CHCL,2026-02-22,470.0,470.0,457.0,461.9,43181,-1.07,19867107.3
CHCL,2026-02-23,462.0,465.0,458.2,460.9,20552,-0.22,9476852.6
CHCL,2026-02-24,461.0,466.0,460.9,462.9,16692,0.43,7712056.7
CHCL,2026-02-25,460.0,470.0,456.1,466.0,21656,0.67,10077462.3
CHCL,2026-02-26,475.3,475.3,461.1,468.0,29534,0.43,13737842.9
CHCL,2026-03-01,468.0,475.0,463.0,469.0,42208,0.21,19841902.9
CHCL,2026-03-03,478.3,481.0,468.8,479.9,39111,2.32,18705269.5
CHCL,2026-03-09,489.4,509.0,489.4,509.0,30,6.06,14975.0
CHCL,2026-03-10,519.1,525.0,492.0,500.1,154523,-1.75,77555082.7
CHCL,2026-03-11,510.0,518.0,495.0,503.0,117369,0.58,59554416.5
CHCL,2026-03-12,503.0,510.0,500.0,510.0,68795,1.39,34611628.0
CHCL,2026-03-15,500.0,520.0,500.0,508.6,41296,-0.27,20913443.0
CHCL,2026-03-16,508.6,508.6,496.9,496.9,72601,-2.3,36302782.9
CHCL,2026-03-17,499.9,499.9,492.1,497.1,29246,0.04,14535637.6
CHCL,2026-03-19,506.0,515.0,499.1,509.7,110706,2.53,56201022.9
CHCL,2026-03-22,517.0,517.0,507.3,508.0,135827,-0.33,69351199.3
CHCL,2026-03-23,500.0,515.0,500.0,510.5,120244,0.49,61428269.0
CHCL,2026-03-24,510.0,516.0,505.1,514.0,112908,0.69,57573298.0
CHCL,2026-03-25,514.0,515.0,506.1,511.9,51533,-0.41,26231806.7
CHCL,2026-03-26,510.0,510.7,504.1,510.5,56682,-0.27,28758258.2
CHCL,2026-03-29,520.7,520.7,498.0,498.0,128953,-2.45,64939020.8
CHCL,2026-03-30,496.0,513.0,491.8,501.0,96376,0.6,48497669.6
CHCL,2026-03-31,491.1,507.8,491.1,507.4,55860,1.28,28057408.8
CHCL,2026-04-01,499.1,508.7,491.1,493.0,52270,-2.84,25885207.2
CHCL,2026-04-02,495.0,497.0,484.2,493.8,54700,0.16,26864562.9
CHCL,2026-04-05,489.0,489.0,473.0,476.0,57591,-3.6,27461077.8
CHCL,2026-04-06,476.0,497.0,476.0,486.0,62785,2.1,30565962.6
CHCL,2026-04-07,495.5,499.6,483.0,485.9,22499,-0.02,10963761.3
CHCL,2026-04-08,488.5,494.5,479.0,490.0,40232,0.84,19635261.0
CHCL,2026-04-09,490.0,495.0,485.0,495.0,24915,1.02,12280238.1
CHCL,2026-04-10,498.0,503.0,485.0,493.0,62674,-0.4,30785521.7
CHCL,2026-04-13,502.8,502.8,490.3,495.4,29632,0.49,14625996.3
CHCL,2026-04-15,495.1,500.2,492.0,497.0,36272,0.32,18075999.1
CHCL,2026-04-16,502.9,502.9,490.0,491.4,27568,-1.13,13584293.5
CHCL,2026-04-17,501.2,501.2,488.1,492.0,21075,0.12,10345323.4
CHCL,2026-04-20,497.1,497.1,485.0,487.0,18028,-1.02,8785115.2
CHCL,2026-04-21,494.0,494.8,483.0,484.0,14699,-0.62,7123183.0
CHCL,2026-04-22,482.2,489.9,476.0,485.0,33048,0.21,15837723.5
CHCL,2026-04-23,483.0,486.0,482.0,482.1,16085,-0.6,7771439.3
CHCL,2026-04-24,486.9,486.9,475.0,479.0,14082,-0.64,6741710.9
CHCL,2026-04-27,479.0,483.0,476.1,480.0,33315,0.21,15974572.2
CHCL,2026-04-28,480.0,484.0,478.0,480.0,27724,0.0,13304323.7
CHCL,2026-04-29,480.0,483.0,475.0,479.1,21272,-0.19,10164462.5
CHCL,2026-04-30,477.0,484.9,473.0,478.5,38316,-0.13,18257463.7
CHCL,2026-05-04,480.0,480.0,471.0,471.9,21695,-1.38,10276456.4
CHCL,2026-05-05,470.5,479.0,468.0,475.0,30814,0.66,14594909.6
CHCL,2026-05-06,467.0,475.0,467.0,474.0,54070,-0.21,25493504.9
CHCL,2026-05-07,450.3,480.0,450.3,470.0,51185,-0.84,24086286.3
CHCL,2026-05-08,478.0,478.0,469.0,474.0,17142,0.85,8084833.3
CHCL,2026-05-11,479.9,480.0,475.0,479.1,22294,1.08,10665148.3
CHCL,2026-05-12,482.0,488.0,470.0,476.2,61028,-0.61,29134421.9
CHCL,2026-05-13,473.0,479.5,472.5,476.0,16783,-0.04,7994233.1
CHCL,2026-05-14,477.0,479.0,474.0,475.6,12315,-0.08,5858702.0
CHCL,2026-05-15,477.0,478.9,473.6,476.0,7290,0.08,3473837.1
CHCL,2026-05-18,476.0,480.0,474.0,480.0,26220,0.84,12550381.6
CHCL,2026-05-19,480.0,481.5,477.0,477.1,14730,-0.6,7049869.6
CHCL,2026-05-20,479.9,481.0,476.5,480.0,21428,0.61,10269819.9
CHCL,2026-05-21,480.0,482.0,476.0,479.0,15354,-0.21,7352798.8
CHCL,2026-05-22,477.6,482.0,477.6,482.0,9620,0.63,4631220.3
CHCL,2026-05-25,482.5,490.0,482.5,489.0,73257,1.45,35551681.5
CHCL,2026-05-26,491.8,491.9,483.8,486.0,39399,-0.61,19153392.7
CHCL,2026-05-27,510.3,510.3,483.1,483.6,61148,-0.49,29757773.8
CHCL,2026-06-01,507.6,507.6,484.0,491.9,68793,1.72,33593319.1
CHCL,2026-06-02,491.0,505.7,489.1,501.0,92972,1.85,46572539.0
CHCL,2026-06-03,505.0,505.0,497.7,499.0,74150,-0.4,37124290.1
CHCL,2026-06-04,492.5,501.9,492.5,500.0,30010,0.2,14987160.4
CHCL,2026-06-05,500.0,500.0,495.0,495.4,33537,-0.92,16630481.5
CHCL,2026-06-08,496.0,496.0,489.9,490.0,25729,-1.09,12624821.9
CHCL,2026-06-09,490.0,491.0,485.1,489.0,15728,-0.2,7647551.5
CHCL,2026-06-10,490.0,490.0,483.1,483.1,22811,-1.21,11056090.8
CHCL,2026-06-11,486.0,488.9,480.6,484.9,10549,0.37,5102757.0
CHCL,2026-06-12,489.0,489.0,480.8,483.4,13066,-0.31,6313401.8
CHCL,2026-06-15,483.0,485.0,480.0,482.0,34538,-0.29,16640375.5
CHCL,2026-06-16,484.0,488.0,479.1,481.9,12988,-0.02,6254521.5
CHCL,2026-06-17,480.1,485.0,480.1,482.0,20472,0.02,9885752.2
CHCL,2026-06-18,482.0,486.9,480.5,484.0,28058,0.41,13541718.3
CHCL,2026-06-19,508.2,508.2,481.0,487.0,26489,0.62,12853126.3
CHCL,2026-06-22,500.0,500.0,485.0,486.0,13823,-0.21,6731348.9
CHCL,2026-06-23,486.0,486.0,478.0,485.0,26166,-0.21,12608589.8
CHCL,2026-06-24,481.0,486.0,478.0,479.0,20045,-1.24,9610137.0
CHCL,2026-06-25,479.0,480.0,477.0,478.3,11918,-0.15,5700981.9
CHCL,2026-06-26,483.0,483.0,476.6,477.0,12562,-0.27,6002379.8
CHCL,2026-06-29,477.0,477.0,475.0,476.0,30778,-0.21,14634433.8
CHCL,2026-06-30,477.0,477.0,472.0,472.5,11763,-0.74,5576900.8
CHCL,2026-07-01,477.0,482.9,476.0,481.0,14543,1.8,6970295.1
CHCL,2026-07-02,481.0,481.9,474.0,480.0,29848,-0.21,14225636.9
CHCL,2026-07-03,480.0,483.9,478.0,482.0,8055,0.42,3884457.5
CHCL,2026-07-06,482.0,486.0,475.0,479.0,7045,-0.62,3388740.2
CHCL,2026-07-07,480.0,482.9,478.0,479.1,11937,0.02,5735276.6
CHCL,2026-07-08,485.0,485.0,475.0,475.1,19146,-0.83,9138108.4
CHCL,2026-07-09,475.1,480.0,475.1,477.0,21633,0.4,10335372.1
CHCL,2026-07-10,477.0,480.0,475.1,478.0,37671,0.21,17994394.8
CHCL,2026-07-13,478.0,480.0,475.0,476.0,12296,-0.42,5869707.3
CHCL,2026-07-14,499.8,499.8,470.4,477.9,8353,0.4,3966676.2
CHCL,2026-07-15,482.0,482.0,476.0,476.1,20387,-0.38,9760660.7
CHCL,2026-07-16,477.2,480.0,475.1,475.1,14892,-0.21,7085257.6
CHCL,2026-07-17,484.5,490.0,480.0,487.0,16591,2.5,8051833.0
CHCL,2026-07-20,491.0,500.0,480.0,496.0,80871,1.85,39512161.5
CHCL,2026-07-21,496.0,496.0,477.4,495.9,70099,-0.02,34220809.4
CHCL,2026-07-22,493.0,496.0,480.1,495.2,44279,-0.14,21742810.8
CHCL,2026-07-23,485.1,495.0,485.1,494.0,31454,-0.24,15502322.8
CHCL,2026-07-24,494.0,496.5,492.0,494.2,35710,0.04,17670134.1
CHCL,2026-07-27,495.0,499.5,494.0,496.9,56689,0.55,28165580.5
CHCL,2026-07-28,490.5,497.4,490.0,497.0,39946,0.02,19795300.6
CHCL,2026-07-29,496.1,497.2,492.0,494.0,79038,-0.6,39081501.2
CHCL,2026-07-30,494.0,495.9,490.0,495.0,63422,0.2,31283175.5
CHCL,2026-07-31,495.0,497.4,492.0,494.1,20369,-0.18,10096071.6
CHCL,2026-08-03,499.9,500.0,493.0,497.5,57188,0.69,28479507.7
CHCL,2026-08-04,500.0,500.0,494.0,495.0,37504,-0.5,18606983.9
CHCL,2026-08-05,495.0,499.0,490.1,493.0,11531,-0.4,5668741.6
CHCL,2026-08-06,494.0,497.9,488.2,492.0,9452,-0.2,4628569.6
CHCL,2026-08-07,493.7,493.7,485.1,486.0,6116,-1.22,2978407.1
CHCL,2026-08-10,493.0,496.0,484.0,484.0,9921,-0.41,4822109.7
CHCL,2026-08-11,490.0,490.0,481.0,482.0,20777,-0.41,10016110.2
CHCL,2026-08-12,482.1,486.5,480.0,481.0,9938,-0.21,4779120.1
CHCL,2026-08-13,481.0,484.0,480.0,482.1,7613,0.23,3671253.8
CHCL,2026-08-14,481.0,486.0,474.0,478.9,66504,-0.66,31719717.2
CHCL,2026-08-17,489.9,489.9,477.0,480.0,15729,0.23,7536325.3
CHCL,2026-08-18,485.0,486.0,477.0,480.0,10977,0.0,5265745.4
CHCL,2026-08-19,480.0,480.0,475.0,479.0,7975,-0.21,3817852.6
CHCL,2026-08-20,480.0,483.8,476.0,483.8,30342,1.0,14594920.7
CHCL,2026-08-21,483.0,494.0,480.0,484.4,23326,0.12,11373483.6
CHCL,2026-08-24,490.0,496.2,478.0,478.0,18735,-1.32,8996263.5
CHCL,2026-08-25,489.0,489.0,475.0,475.1,21111,-0.61,10066015.3
CHCL,2026-08-26,455.0,475.0,410.0,427.0,480553,-10.12,205686862.6
CHCL,2026-08-27,405.7,409.0,378.3,405.0,407762,-5.15,160738793.2
